Fruit Type,Common Name/Variety,Scientific Name,Genus,Alternative Names
Mango,Alphonso,Mangifera indica,Mangifera,"Hapus, Aapoos, Badami"
Mango,Angie,Mangifera indica,Mangifera,Angie Mango
Mango,Ataulfo,Mangifera indica,Mangifera,"Honey Mango, Champagne Mango, Baby Mango"
Mango,Bailey's Marvel,Mangifera indica,Mangifera,Bailey's Marvel Mango
Mango,Beverly,Mangifera indica,Mangifera,Beverly Mango
Mango,Bombay Green,Mangifera indica,Mangifera,"Bombay, Malda, Fazli"
Mango,Brooks,Mangifera indica,Mangifera,Brooks Late
Mango,Carrie,Mangifera indica,Mangifera,Carrie Mango
Mango,Chaunsa,Mangifera indica,Mangifera,"Chausa, Chaunsa Sahib"
Mango,Cogshall,Mangifera indica,Mangifera,Cogshall Mango
Mango,Dashehari,Mangifera indica,Mangifera,"Dasheri, Dusehri, Dussehri"
Mango,Duncan,Mangifera indica,Mangifera,Duncan Mango
Mango,Edward,Mangifera indica,Mangifera,Edward Mango
Mango,Fairchild,Mangifera indica,Mangifera,Fairchild Mango
Mango,Fazli,Mangifera indica,Mangifera,"Fazli Mango, Bombay Green"
Mango,Florigon,Mangifera indica,Mangifera,Florigon Mango
Mango,Francis,Mangifera indica,Mangifera,"Haitian Mango, Madame Francis"
Mango,Glenn,Mangifera indica,Mangifera,Glenn Mango
Mango,Gold Nugget,Mangifera indica,Mangifera,Gold Nugget Mango
Mango,Graham,Mangifera indica,Mangifera,Graham Mango
Mango,Haden,Mangifera indica,Mangifera,Haden Mango
Mango,Harumanis,Mangifera indica,Mangifera,"Harum Manis, MA128"
Mango,Ice Cream,Mangifera indica,Mangifera,"Jill, Trinidad Ice Cream"
Mango,Irwin,Mangifera indica,Mangifera,Irwin Mango
Mango,Julie,Mangifera indica,Mangifera,"Saint Julienne, Julie Mango"
Mango,Keitt,Mangifera indica,Mangifera,Keitt Mango
Mango,Kensington Pride,Mangifera indica,Mangifera,"Bowen, KP, Bowen Special"
Mango,Kent,Mangifera indica,Mangifera,Kent Mango
Mango,Kesar,Mangifera indica,Mangifera,"Gir Kesar, Kesari"
Mango,Langra,Mangifera indica,Mangifera,"Langra Banarasi, Langda"
Mango,Lippens,Mangifera indica,Mangifera,Lippens Mango
Mango,Madame Francis,Mangifera indica,Mangifera,"Francis, Haitian"
Mango,Mallika,Mangifera indica,Mangifera,Mallika Mango
Mango,Manila,Mangifera indica,Mangifera,"Philippine Mango, Carabao, Super Manila"
Mango,Mulgoba,Mangifera indica,Mangifera,"Mulgoa, Peter"
Mango,Nam Doc Mai,Mangifera indica,Mangifera,"Nam Dok Mai, Golden Mango"
Mango,Neelam,Mangifera indica,Mangifera,"Neelum, Neelam Mango"
Mango,Okrung,Mangifera indica,Mangifera,"Ok Rong, Okrong"
Mango,Osteen,Mangifera indica,Mangifera,Osteen Mango
Mango,Palmer,Mangifera indica,Mangifera,Palmer Mango
Mango,Parvin,Mangifera indica,Mangifera,Parvin Mango
Mango,Pina Colada,Mangifera indica,Mangifera,Pina Colada Mango
Mango,R2E2,Mangifera indica,Mangifera,R2E2 Mango
Mango,Raspuri,Mangifera indica,Mangifera,"Rasapuri, Pairi"
Mango,Rosigold,Mangifera indica,Mangifera,Rosigold Mango
Mango,Ruby,Mangifera indica,Mangifera,Ruby Mango
Mango,Sindhri,Mangifera indica,Mangifera,"Sindhri Aam, Honey Mango"
Mango,Springfels,Mangifera indica,Mangifera,Springfels Mango
Mango,Tommy Atkins,Mangifera indica,Mangifera,"Tommy, Tom Atkins"
Mango,Totapuri,Mangifera indica,Mangifera,"Bangalora, Sandersha, Collector"
Mango,Valencia Pride,Mangifera indica,Mangifera,Valencia
Mango,Van Dyke,Mangifera indica,Mangifera,Van Dyke Mango
Mango,Zill,Mangifera indica,Mangifera,Zill Mango
Avocado,Bacon,Persea americana,Persea,Bacon Avocado
Avocado,Brogdon,Persea americana,Persea,"Brogden, Brogdon Avocado"
Avocado,Choquette,Persea americana,Persea,Choquette Avocado
Avocado,Cleopatra,Persea americana,Persea,Cleopatra Avocado
Avocado,Ettinger,Persea americana,Persea,Ettinger Avocado
Avocado,Fuerte,Persea americana,Persea,Fuerte Avocado
Avocado,Gwen,Persea americana,Persea,Gwen Avocado
Avocado,Hass,Persea americana,Persea,"Haas, Hass Avocado"
Avocado,Holiday,Persea americana,Persea,Holiday Avocado
Avocado,Jim,Persea americana,Persea,Jim Avocado
Avocado,Lamb Hass,Persea americana,Persea,"Lamb, GEM"
Avocado,Lula,Persea americana,Persea,Lula Avocado
Avocado,Maluma,Persea americana,Persea,"Maluma Hass, Maluma Avocado"
Avocado,Mexicola,Persea americana,Persea,"Mexicola Grande, Mexican Avocado"
Avocado,Monroe,Persea americana,Persea,Monroe Avocado
Avocado,Nabal,Persea americana,Persea,Nabal Avocado
Avocado,Pinkerton,Persea americana,Persea,Pinkerton Avocado
Avocado,Puebla,Persea americana,Persea,Puebla Avocado
Avocado,Reed,Persea americana,Persea,Reed Avocado
Avocado,Russell,Persea americana,Persea,Russell Avocado
Avocado,Sharwil,Persea americana,Persea,"Sharwill, Kona Sharwil"
Avocado,Sir Prize,Persea americana,Persea,Sir Prize Avocado
Avocado,Stewart,Persea americana,Persea,Stewart Avocado
Avocado,Tonnage,Persea americana,Persea,Tonnage Avocado
Avocado,Winter Mexican,Persea americana,Persea,Winter Mexican Avocado
Avocado,Wurtz,Persea americana,Persea,"Wertz, Little Cado, Dwarf Avocado"
Avocado,Zutano,Persea americana,Persea,Zutano Avocado
Banana,Ae Ae,Musa × paradisiaca,Musa,"Royal Hawaiian, Sacred Banana, Variegated Banana"
Banana,Apple,Musa acuminata × balbisiana,Musa,"Manzano, Silk Banana, Latundan"
Banana,Barangan,Musa acuminata,Musa,"Lakatan, Berangan"
Banana,Blue Java,Musa acuminata × balbisiana,Musa,"Ice Cream Banana, Hawaiian Banana, Ney Mannan"
Banana,Burro,Musa × paradisiaca,Musa,"Chunky Banana, Bluggoe, Horse Banana"
Banana,Cavendish,Musa acuminata,Musa,"Chiquita, Dole, Del Monte"
Banana,Dwarf Cavendish,Musa acuminata,Musa,"Dwarf Chinese, Canary Banana"
Banana,Dwarf Red,Musa acuminata,Musa,"Red Dwarf, Cuban Red"
Banana,Fehi,Musa troglodytarum,Musa,"Fe'i, Pacific Plantain"
Banana,Giant Cavendish,Musa acuminata,Musa,"Williams, Mons Mari, Grande Naine"
Banana,Gold Finger,Musa acuminata × balbisiana,Musa,"FHIA-01, Goldfinger"
Banana,Grand Nain,Musa acuminata,Musa,"Grand Naine, Chiquita Grand Nain"
Banana,Gros Michel,Musa acuminata,Musa,"Big Mike, Fat Boy"
Banana,Ice Cream,Musa acuminata × balbisiana,Musa,"Blue Java, Cenizo"
Banana,Lady Finger,Musa acuminata,Musa,"Sugar Banana, Date Banana, Fig Banana, Sucrier"
Banana,Lakatan,Musa acuminata,Musa,"Lacatan, Pisang Berangan"
Banana,Latundan,Musa acuminata × balbisiana,Musa,"Tundan, Silk Banana, Apple Banana"
Banana,Manzano,Musa acuminata,Musa,"Apple Banana, Silk Fig"
Banana,Maqueño,Musa × paradisiaca,Musa,"Macho, Male Plantain"
Banana,Mysore,Musa acuminata × balbisiana,Musa,"Poovan, Champa"
Banana,Nendran,Musa × paradisiaca,Musa,"Nenthra Pazham, Kerala Banana"
Banana,Orinoco,Musa × paradisiaca,Musa,"Burro, Bluggoe"
Banana,Pisang Awak,Musa × paradisiaca,Musa,"Ducasse, Namwah, Kluai Namwa"
Banana,Pisang Raja,Musa × paradisiaca,Musa,"Musa Raja, Raja Banana"
Banana,Plantain,Musa × paradisiaca,Musa,"Cooking Banana, Platano"
Banana,Popoulu,Musa × paradisiaca,Musa,"Popoulou, Maoli"
Banana,Prata,Musa acuminata × balbisiana,Musa,"Lady's Finger, Brazilian"
Banana,Rajapuri,Musa × paradisiaca,Musa,"Rajapuri Banana, Raja Puri"
Banana,Red Dacca,Musa acuminata,Musa,"Red Banana, Cuban Red, Jamaican Red"
Banana,Rhino Horn,Musa × paradisiaca,Musa,"Cuerno, Horn Plantain"
Banana,Robusta,Musa acuminata,Musa,"Robust Cavendish, Poyo"
Banana,Saba,Musa acuminata × balbisiana,Musa,"Cardaba, Sweet Plantain"
Banana,Senorita,Musa acuminata,Musa,"Monkoy, Arnibal"
Banana,Valery,Musa acuminata,Musa,"Valery Cavendish, Robusta"
Banana,Williams,Musa acuminata,Musa,"Giant Cavendish, Williams Hybrid"
Pineapple,Abacaxi,Ananas comosus,Ananas,"White Pineapple, Abacaxi Branco"
Pineapple,Black Jamaica,Ananas comosus,Ananas,Jamaica Black
Pineapple,Brecheche,Ananas comosus,Ananas,Brecheche Pineapple
Pineapple,Champaka,Ananas comosus,Ananas,"Champaca, F200"
Pineapple,Charlotte Rothschild,Ananas comosus,Ananas,Charlotte Rothschild Pineapple
Pineapple,Enville,Ananas comosus,Ananas,Enville Pineapple
Pineapple,Giant Kew,Ananas comosus,Ananas,"Kew, Giant Kew Pineapple"
Pineapple,Gold,Ananas comosus,Ananas,"MD2, Golden, Del Monte Gold"
Pineapple,Hilo,Ananas comosus,Ananas,Hilo Pineapple
Pineapple,Honey Gold,Ananas comosus,Ananas,Honey Gold Pineapple
Pineapple,Kona Sugarloaf,Ananas comosus,Ananas,"White Sugarloaf, Pan de Azucar"
Pineapple,MD-2,Ananas comosus,Ananas,"Golden Sweet, Super Sweet, Gold"
Pineapple,Masmerah,Ananas comosus,Ananas,Masmerah Pineapple
Pineapple,Mauritius,Ananas comosus,Ananas,"Malacca Queen, Red Malacca"
Pineapple,Monte Lirio,Ananas comosus,Ananas,Monte Lirio Pineapple
Pineapple,Montufar,Ananas comosus,Ananas,"Montufar, Montufar Yellow"
Pineapple,Natal Queen,Ananas comosus,Ananas,Natal Queen Pineapple
Pineapple,Pernambuco,Ananas comosus,Ananas,"Eleuthera, Abakka"
Pineapple,Perola,Ananas comosus,Ananas,"Pearl, Pérola"
Pineapple,Queen,Ananas comosus,Ananas,"Queen Victoria, Moris"
Pineapple,Red Spanish,Ananas comosus,Ananas,"Spanish, Española Roja, Black Spanish"
Pineapple,Ripley Queen,Ananas comosus,Ananas,Ripley Queen Pineapple
Pineapple,Singapore Spanish,Ananas comosus,Ananas,"Singapore Red, Singapore Canning"
Pineapple,Smooth Cayenne,Ananas comosus,Ananas,"Cayenne, Sarawak, Hilo"
Pineapple,Sugar Baby,Ananas comosus,Ananas,Sugar Baby Pineapple
Pineapple,Sugarloaf,Ananas comosus,Ananas,"White Pineapple, Kona Sugarloaf"
Pineapple,Victoria,Ananas comosus,Ananas,"Queen Victoria, Ananas Victoria"
Papaya,Coorg Honey Dew,Carica papaya,Carica,Coorg Honeydew
Papaya,Eksotika,Carica papaya,Carica,"Eksotika II, Sekaki"
Papaya,Guinea Gold,Carica papaya,Carica,Guinea Gold Papaya
Papaya,Honey Gold,Carica papaya,Carica,Honey Gold Papaya
Papaya,Kamiya,Carica papaya,Carica,"Kamiya Papaya, Laie Gold"
Papaya,Kapaho,Carica papaya,Carica,"Kapoho, Puna"
Papaya,Kapoho,Carica papaya,Carica,"Kapaho Solo, Puna"
Papaya,Maradol,Carica papaya,Carica,"Red Maradol, Cuban Red"
Papaya,Mexican Red,Carica papaya,Carica,"Red Mexican, Maradol Roja"
Papaya,Mountain,Vasconcellea pubescens,Vasconcellea,"Mountain Pawpaw, Chamburo"
Papaya,Pusa Delicious,Carica papaya,Carica,Pusa Delicious Papaya
Papaya,Pusa Dwarf,Carica papaya,Carica,Pusa Dwarf Papaya
Papaya,Pusa Giant,Carica papaya,Carica,Pusa Giant Papaya
Papaya,Rainbow,Carica papaya,Carica,"Rainbow Papaya, SunUp"
Papaya,Ranchi,Carica papaya,Carica,Ranchi Papaya
Papaya,Red Lady,Carica papaya,Carica,"Red Lady 786, Taiwan Red Lady"
Papaya,Red Royale,Carica papaya,Carica,Red Royale Papaya
Papaya,Sekaki,Carica papaya,Carica,"Hong Kong, Eksotika"
Papaya,Solo,Carica papaya,Carica,"Hawaiian Solo, Sunrise"
Papaya,Strawberry,Carica papaya,Carica,"Sunrise Solo, Red-fleshed"
Papaya,Sunrise,Carica papaya,Carica,"Sunrise Solo, Hawaiian Sunrise"
Papaya,Sunset,Carica papaya,Carica,"Sunset Solo, Hawaiian Sunset"
Papaya,Tainung,Carica papaya,Carica,"Tainung No.1, Formosa"
Papaya,Waimanalo,Carica papaya,Carica,"Waimanalo Solo, X-77"
Papaya,Washington,Carica papaya,Carica,Washington Papaya
Citrus (Orange),Ambersweet,Citrus × sinensis,Citrus,Ambersweet Orange
Citrus (Orange),Bergamot,Citrus × bergamia,Citrus,"Bergamot Orange, Sour Orange"
Citrus (Orange),Blood Orange,Citrus × sinensis,Citrus,"Sanguinello, Moro, Tarocco"
Citrus (Orange),Cara Cara,Citrus × sinensis,Citrus,"Pink Navel, Red Navel"
Citrus (Orange),Dream Navel,Citrus × sinensis,Citrus,Dream Navel Orange
Citrus (Orange),Hamlin,Citrus × sinensis,Citrus,"Hamlin Sweet, Norris"
Citrus (Orange),Jaffa,Citrus × sinensis,Citrus,"Shamouti, Jaffa Sweetie"
Citrus (Orange),Jincheng,Citrus × sinensis,Citrus,"Jincheng Orange, Golden Orange"
Citrus (Orange),Lima,Citrus × sinensis,Citrus,"Acidless Orange, Sugar Orange"
Citrus (Orange),Marrs,Citrus × sinensis,Citrus,Marrs Early
Citrus (Orange),Moro,Citrus × sinensis,Citrus,"Moro Blood Orange, Deep Blood"
Citrus (Orange),Navel,Citrus × sinensis,Citrus,"Washington Navel, Bahia"
Citrus (Orange),Parson Brown,Citrus × sinensis,Citrus,Parson Brown Orange
Citrus (Orange),Pera,Citrus × sinensis,Citrus,"Pera Rio, Corta Corta"
Citrus (Orange),Pineapple,Citrus × sinensis,Citrus,"Pineapple Sweet, Hickory"
Citrus (Orange),Rhode Red,Citrus × sinensis,Citrus,"Rhode Red Valencia, Red Valencia"
Citrus (Orange),Roble,Citrus × sinensis,Citrus,Roble Orange
Citrus (Orange),Sanguinelli,Citrus × sinensis,Citrus,"Sanguinelli Blood, Spanish Sanguinelli"
Citrus (Orange),Satsuma,Citrus unshiu,Citrus,"Unshiu, Mikan, Wase"
Citrus (Orange),Shamouti,Citrus × sinensis,Citrus,"Jaffa, Cyprus Oval"
Citrus (Orange),Tarocco,Citrus × sinensis,Citrus,"Tarocco Blood Orange, Italian Blood"
Citrus (Orange),Valencia,Citrus × sinensis,Citrus,"Valencia Late, Hart's Tardiff"
Citrus (Orange),Washington Navel,Citrus × sinensis,Citrus,"Riverside Navel, Bahia"
Citrus (Lemon),Avalon,Citrus × limon,Citrus,Avalon Lemon
Citrus (Lemon),Bearss,Citrus × limon,Citrus,"Bearss Seedless, Bearss Sicilian"
Citrus (Lemon),Bush,Citrus × limon,Citrus,"Dwarf Lemon, Bush Lemon"
Citrus (Lemon),Dorshapo,Citrus × limon,Citrus,Dorshapo Lemon
Citrus (Lemon),Eureka,Citrus × limon,Citrus,"Four Seasons, Garey's Eureka"
Citrus (Lemon),Femminello,Citrus × limon,Citrus,"Femminello Sfusato, Italian Lemon"
Citrus (Lemon),Fino,Citrus × limon,Citrus,"Primofiori, Mesero, Blanco"
Citrus (Lemon),Genoa,Citrus × limon,Citrus,"Genova, Italian Genoa"
Citrus (Lemon),Interdonato,Citrus × limon,Citrus,"Special, Turkey Lemon"
Citrus (Lemon),Kutdiken,Citrus × limon,Citrus,Turkish Lemon
Citrus (Lemon),Lapithkiotiki,Citrus × limon,Citrus,Cyprus Lemon
Citrus (Lemon),Lisbon,Citrus × limon,Citrus,"Lisbon Seedling, Portugal"
Citrus (Lemon),Meyer,Citrus × meyeri,Citrus,"Improved Meyer, Sweet Lemon"
Citrus (Lemon),Monachello,Citrus × limon,Citrus,Monachello Lemon
Citrus (Lemon),Perrine,Citrus × limon,Citrus,"Perrine Lemon, Genoa-Perrine"
Citrus (Lemon),Pink Variegated,Citrus × limon,Citrus,"Pink Lemonade, Variegated Pink"
Citrus (Lemon),Primofiori,Citrus × limon,Citrus,"Fino, Primofiore"
Citrus (Lemon),Santa Teresa,Citrus × limon,Citrus,"Femminello Santa Teresa, Italian"
Citrus (Lemon),Sorrento,Citrus × limon,Citrus,"Femminello Sorrento, Ovale di Sorrento"
Citrus (Lemon),Verna,Citrus × limon,Citrus,"Berna, Spanish Lemon"
Citrus (Lemon),Villafranca,Citrus × limon,Citrus,Villafranca Lemon
Citrus (Lemon),Volkamer,Citrus × volkameriana,Citrus,"Volkamer Lemon, Italian Lemon"
Citrus (Lemon),Yen Ben,Citrus × limon,Citrus,"Yen Ben Lisbon, New Zealand Lemon"
Citrus (Lime),Australian Desert,Citrus glauca,Citrus,"Desert Lime, Native Lime"
Citrus (Lime),Australian Finger,Citrus australasica,Citrus,"Finger Lime, Caviar Lime"
Citrus (Lime),Australian Round,Citrus australis,Citrus,"Round Lime, Dooja"
Citrus (Lime),Bearss,Citrus × latifolia,Citrus,"Persian Lime, Tahiti Lime, Seedless Lime"
Citrus (Lime),Kaffir,Citrus hystrix,Citrus,"Makrut Lime, Thai Lime"
Citrus (Lime),Key,Citrus × aurantiifolia,Citrus,"Mexican Lime, West Indian Lime, Bartender's Lime"
Citrus (Lime),Kusaie,Citrus × limon,Citrus,Kusaie Lime
Citrus (Lime),Mexican,Citrus × aurantiifolia,Citrus,"Key Lime, West Indian"
Citrus (Lime),Palestine Sweet,Citrus × limettioides,Citrus,"Indian Sweet Lime, Mosambi"
Citrus (Lime),Persian,Citrus × latifolia,Citrus,"Tahiti Lime, Bearss Lime"
Citrus (Lime),Philippine Red,Citrus × aurantiifolia,Citrus,Red Key Lime
Citrus (Lime),Rangpur,Citrus × limonia,Citrus,"Mandarin Lime, Lemandarin"
Citrus (Lime),Spanish,Citrus × aurantiifolia,Citrus,Spanish Lime
Citrus (Lime),Sweet,Citrus × limettioides,Citrus,"Sweet Lime, Lima Dulce"
Citrus (Lime),Tahiti,Citrus × latifolia,Citrus,"Persian Lime, Bearss"
Citrus (Lime),West Indian,Citrus × aurantiifolia,Citrus,"Key Lime, Mexican Lime"
Citrus (Lime),Winged,Citrus hystrix,Citrus,"Kaffir Lime, Makrut"
Citrus (Grapefruit),Chandler,Citrus × paradisi,Citrus,"Chandler Pummelo, Chandler Pomelo"
Citrus (Grapefruit),Duncan,Citrus × paradisi,Citrus,"Duncan White, Silver Cluster"
Citrus (Grapefruit),Flame,Citrus × paradisi,Citrus,"Flame Red, Henderson Ruby"
Citrus (Grapefruit),Foster,Citrus × paradisi,Citrus,"Foster Pink, Pink Foster"
Citrus (Grapefruit),Henderson,Citrus × paradisi,Citrus,"Henderson Ruby, Ruby"
Citrus (Grapefruit),Hudson,Citrus × paradisi,Citrus,"Hudson Red, Hudson"
Citrus (Grapefruit),Marsh,Citrus × paradisi,Citrus,"Marsh Seedless, White Marsh"
Citrus (Grapefruit),Melogold,Citrus × paradisi × Citrus grandis,Citrus,"Melogold Hybrid, Pummelo-Grapefruit"
Citrus (Grapefruit),Oro Blanco,Citrus × paradisi × Citrus grandis,Citrus,"Sweetie, White Gold"
Citrus (Grapefruit),Paradise Navel,Citrus × paradisi,Citrus,Paradise Navel Grapefruit
Citrus (Grapefruit),Pink,Citrus × paradisi,Citrus,"Pink Marsh, Pink Seedless"
Citrus (Grapefruit),Ray Ruby,Citrus × paradisi,Citrus,"Ray Ruby Red, Ray"
Citrus (Grapefruit),Red Blush,Citrus × paradisi,Citrus,"Redblush, Red Seedless"
Citrus (Grapefruit),Rio Red,Citrus × paradisi,Citrus,"Rio Star, Texas Red"
Citrus (Grapefruit),Ruby Red,Citrus × paradisi,Citrus,"Ruby, Redblush, Henninger"
Citrus (Grapefruit),Star Ruby,Citrus × paradisi,Citrus,"Texas Star Ruby, Star"
Citrus (Grapefruit),Sweetie,Citrus × paradisi × Citrus grandis,Citrus,"Oroblanco, Pomelit"
Citrus (Grapefruit),Thompson,Citrus × paradisi,Citrus,"Pink Thompson, Thompson Pink"
Citrus (Grapefruit),Triumph,Citrus × paradisi,Citrus,Triumph Grapefruit
Citrus (Grapefruit),White,Citrus × paradisi,Citrus,"Duncan, Marsh White"
Citrus (Mandarin),Afourer,Citrus reticulata,Citrus,"Nadorcott, W. Murcott, Morocco"
Citrus (Mandarin),Clementine,Citrus × clementina,Citrus,"Algerian Tangerine, Clemenules, Nules"
Citrus (Mandarin),Dancy,Citrus reticulata,Citrus,"Dancy Tangerine, Christmas Tangerine"
Citrus (Mandarin),Encore,Citrus reticulata,Citrus,Encore Mandarin
Citrus (Mandarin),Fairchild,Citrus reticulata,Citrus,Fairchild Tangerine
Citrus (Mandarin),Fallglo,Citrus reticulata,Citrus,"Fallglo Tangerine, Bower"
Citrus (Mandarin),Fortune,Citrus reticulata,Citrus,Fortune Mandarin
Citrus (Mandarin),Fremont,Citrus reticulata,Citrus,Fremont Mandarin
Citrus (Mandarin),Gold Nugget,Citrus reticulata,Citrus,Gold Nugget Mandarin
Citrus (Mandarin),Honey,Citrus reticulata,Citrus,"Murcott, Honey Tangerine"
Citrus (Mandarin),Kara,Citrus unshiu × Citrus nobilis,Citrus,Kara Mandarin
Citrus (Mandarin),Kinnow,Citrus nobilis × Citrus deliciosa,Citrus,"Kinno, Khinnow"
Citrus (Mandarin),Lee,Citrus reticulata,Citrus,Lee Mandarin
Citrus (Mandarin),Minneola,Citrus × tangelo,Citrus,"Honeybell, Minneola Tangelo"
Citrus (Mandarin),Murcott,Citrus reticulata,Citrus,"Honey Murcott, Murcott Honey"
Citrus (Mandarin),Nova,Citrus reticulata,Citrus,"Clemenvilla, Nova Mandarin"
Citrus (Mandarin),Orlando,Citrus × tangelo,Citrus,"Orlando Tangelo, Lake Tangelo"
Citrus (Mandarin),Page,Citrus reticulata,Citrus,Page Mandarin
Citrus (Mandarin),Pixie,Citrus reticulata,Citrus,Pixie Mandarin
Citrus (Mandarin),Ponkan,Citrus reticulata,Citrus,"Chinese Honey Orange, Ponkan Mandarin"
Citrus (Mandarin),Robinson,Citrus reticulata,Citrus,Robinson Tangerine
Citrus (Mandarin),Satsuma,Citrus unshiu,Citrus,"Unshiu Mikan, Owari"
Citrus (Mandarin),Sunburst,Citrus reticulata,Citrus,Sunburst Tangerine
Citrus (Mandarin),Tangelo,Citrus × tangelo,Citrus,"Ugli Fruit, Honeybells"
Citrus (Mandarin),Tangerine,Citrus reticulata,Citrus,"Mandarin Orange, Christmas Orange"
Citrus (Mandarin),Temple,Citrus reticulata,Citrus,"Royal Mandarin, Temple Orange"
Citrus (Mandarin),W. Murcott,Citrus reticulata,Citrus,"Afourer, Nadorcott"
Citrus (Mandarin),Wilking,Citrus reticulata,Citrus,Wilking Mandarin
Citrus (Pomelo),Chandler,Citrus maxima,Citrus,"Chandler Pummelo, Pink Chandler"
Citrus (Pomelo),Hirado Buntan,Citrus maxima,Citrus,"Hirado, Japanese Pomelo"
Citrus (Pomelo),Kao Pan,Citrus maxima,Citrus,"Kao Panne, Tahitian Pomelo"
Citrus (Pomelo),Nam Roi,Citrus maxima,Citrus,Nam Roi Pomelo
Citrus (Pomelo),Pink,Citrus maxima,Citrus,"Pink Pomelo, Pink Pummelo"
Citrus (Pomelo),Red Shaddock,Citrus maxima,Citrus,"Red Pomelo, Red Pummelo"
Citrus (Pomelo),Reinking,Citrus maxima,Citrus,Reinking Pummelo
Citrus (Pomelo),Siamese Sweet,Citrus maxima,Citrus,"Siamese Pummelo, Kao Yai"
Citrus (Pomelo),Tahitian,Citrus maxima,Citrus,"Sarawak, Moanalua"
Citrus (Pomelo),Thong Dee,Citrus maxima,Citrus,"Golden Pomelo, Kao Thong Dee"
Citrus (Pomelo),Valentine,Citrus maxima,Citrus,Valentine Pummelo
Citrus (Pomelo),White,Citrus maxima,Citrus,"White Pomelo, Kao Nampueng"
Guava,Allahabad Safeda,Psidium guajava,Psidium,"White Allahabad, Safeda"
Guava,Apple,Psidium guajava,Psidium,"Apple Guava, Common Guava"
Guava,Barbie Pink,Psidium guajava,Psidium,Barbie Pink Guava
Guava,Beaumont,Psidium guajava,Psidium,"Beaumont Red, Ka Hua Kula"
Guava,Brazilian,Psidium guineense,Psidium,"Para Guava, Guinea Guava"
Guava,Cherry,Psidium cattleianum,Psidium,"Cattley Guava, Strawberry Guava"
Guava,China White,Psidium guajava,Psidium,China White Guava
Guava,Costa Rican,Psidium friedrichsthalianum,Psidium,"Cas, Sour Guava"
Guava,Crystal,Psidium guajava,Psidium,"Thai White, Crystal Thai"
Guava,Detwiler,Psidium guajava,Psidium,Detwiler Guava
Guava,Egyptian White,Psidium guajava,Psidium,Egyptian White Guava
Guava,Giant Vietnamese,Psidium guajava,Psidium,"Vietnamese Giant, VN Giant"
Guava,Hong Kong Pink,Psidium guajava,Psidium,Hong Kong Pink Guava
Guava,Indonesian Seedless,Psidium guajava,Psidium,"Seedless, Indonesian White"
Guava,Indonesian White,Psidium guajava,Psidium,Indonesian White Guava
Guava,Ka Hua Kula,Psidium guajava,Psidium,"Beaumont, Hawaiian Red"
Guava,Lemon,Psidium cattleianum,Psidium,"Lemon Guava, Yellow Cattley"
Guava,Lucknow 49,Psidium guajava,Psidium,"L-49, Sardar"
Guava,Malaysian Red,Psidium guajava,Psidium,Malaysian Red Guava
Guava,Mexican Cream,Psidium guajava,Psidium,"Mexican White, Tropical White"
Guava,Miami Red,Psidium guajava,Psidium,Miami Red Guava
Guava,Miami White,Psidium guajava,Psidium,Miami White Guava
Guava,Mountain,Psidium montanum,Psidium,"Mountain Guava, Spice Guava"
Guava,Patricia,Psidium guajava,Psidium,Patricia Guava
Guava,Pear,Psidium guajava,Psidium,"Pear Shaped, Pyriform"
Guava,Peruvian White,Psidium guajava,Psidium,Peruvian White Guava
Guava,Pink Indian,Psidium guajava,Psidium,Pink Indian Guava
Guava,Pink Supreme,Psidium guajava,Psidium,Pink Supreme Guava
Guava,Red Indian,Psidium guajava,Psidium,"Red-fleshed, Indian Red"
Guava,Red Malaysian,Psidium guajava,Psidium,"Thai Maroon, Malaysian Red"
Guava,Ruby Supreme,Psidium guajava,Psidium,Ruby Supreme Guava
Guava,Ruby X,Psidium guajava,Psidium,Ruby Cross
Guava,Strawberry,Psidium cattleianum,Psidium,"Cattley, Cherry Guava"
Guava,Supreme,Psidium guajava,Psidium,Supreme Guava
Guava,Thai Giant,Psidium guajava,Psidium,"Giant Thai, Farang Yak"
Guava,Thai Maroon,Psidium guajava,Psidium,Thai Maroon Guava
Guava,Tikal,Psidium guajava,Psidium,Tikal Guava
Guava,Tropical Pink,Psidium guajava,Psidium,Tropical Pink Guava
Guava,Tropical White,Psidium guajava,Psidium,"Mexican Cream, Tropical Cream"
Guava,Turnbull,Psidium guajava,Psidium,Turnbull White
Guava,Vietnamese,Psidium guajava,Psidium,"Vietnamese White, VN White"
Guava,White Indian,Psidium guajava,Psidium,White Indian Guava
Guava,White Seedless,Psidium guajava,Psidium,White Seedless Guava
Guava,Yellow Cherry,Psidium cattleianum,Psidium,"Yellow Strawberry Guava, Lemon Guava"
Passion Fruit,Black Beauty,Passiflora edulis,Passiflora,Black Beauty Passion
Passion Fruit,Black Knight,Passiflora edulis,Passiflora,Black Knight Passion
Passion Fruit,Bountiful Beauty,Passiflora edulis,Passiflora,Bountiful Beauty Passion
Passion Fruit,Brazilian Golden,Passiflora edulis f. flavicarpa,Passiflora,"Golden Passion, Yellow Passion"
Passion Fruit,Common Purple,Passiflora edulis,Passiflora,"Purple Passion, Purple Granadilla"
Passion Fruit,Crackerjack,Passiflora edulis,Passiflora,Crackerjack Passion
Passion Fruit,Edgehill,Passiflora edulis,Passiflora,Edgehill Passion
Passion Fruit,Frederick,Passiflora edulis,Passiflora,"Red Rover, Frederick Red"
Passion Fruit,Giant Granadilla,Passiflora quadrangularis,Passiflora,"Barbadine, Giant Tumbo"
Passion Fruit,Golden Giant,Passiflora edulis f. flavicarpa,Passiflora,Golden Giant Passion
Passion Fruit,Granadilla,Passiflora ligularis,Passiflora,"Sweet Granadilla, Grenadia"
Passion Fruit,Inca Gold,Passiflora edulis f. flavicarpa,Passiflora,Inca Gold Passion
Passion Fruit,Kahuna,Passiflora edulis,Passiflora,Kahuna Purple
Passion Fruit,Misty Gem,Passiflora edulis,Passiflora,Misty Gem Passion
Passion Fruit,Nancy Garrison,Passiflora edulis,Passiflora,Nancy Garrison Red
Passion Fruit,Nellie Kelly,Passiflora edulis,Passiflora,"Nelly Kelly, Blue Passion"
Passion Fruit,Norfolk Island,Passiflora edulis,Passiflora,Norfolk Black
Passion Fruit,Panama Gold,Passiflora edulis f. flavicarpa,Passiflora,Panama Gold Passion
Passion Fruit,Panama Red,Passiflora edulis,Passiflora,Panama Red Passion
Passion Fruit,Pandora,Passiflora edulis,Passiflora,Pandora Hybrid
Passion Fruit,Paul Ecke,Passiflora edulis,Passiflora,Paul Ecke Passion
Passion Fruit,Pink Banana,Passiflora mollissima,Passiflora,"Banana Passion, Curuba"
Passion Fruit,Possum Purple,Passiflora edulis,Passiflora,Possum Purple Passion
Passion Fruit,Purple Giant,Passiflora edulis,Passiflora,Purple Giant Passion
Passion Fruit,Purple Possum,Passiflora edulis,Passiflora,Purple Possum Passion
Passion Fruit,Red Giant,Passiflora edulis,Passiflora,Red Giant Passion
Passion Fruit,Red Rover,Passiflora edulis,Passiflora,Red Rover Passion
Passion Fruit,Ruby Star,Passiflora edulis,Passiflora,Ruby Star Passion
Passion Fruit,Sweet Granadilla,Passiflora ligularis,Passiflora,"Sweet Passion, Granadilla"
Passion Fruit,Sweet Sunrise,Passiflora edulis f. flavicarpa,Passiflora,Sweet Sunrise Yellow
Passion Fruit,Sweetheart,Passiflora edulis,Passiflora,Sweetheart Purple
Passion Fruit,Water Lemon,Passiflora laurifolia,Passiflora,"Yellow Granadilla, Jamaica Honeysuckle"
Passion Fruit,Yellow,Passiflora edulis f. flavicarpa,Passiflora,"Golden Passion Fruit, Maracuya"
Passion Fruit,Yellow Giant,Passiflora edulis f. flavicarpa,Passiflora,Yellow Giant Passion
Dragon Fruit,American Beauty,Selenicereus undatus,Selenicereus,American Beauty Dragon
Dragon Fruit,Bien Hoa Red,Selenicereus costaricensis,Selenicereus,"Vietnamese Red, Red Flesh"
Dragon Fruit,Bien Hoa White,Selenicereus undatus,Selenicereus,"Vietnamese White, White Flesh"
Dragon Fruit,Cosmic Charlie,Selenicereus undatus,Selenicereus,Cosmic Charlie Dragon
Dragon Fruit,Dark Star,Selenicereus costaricensis,Selenicereus,"Purple Flesh, Dark Star"
Dragon Fruit,David Bowie,Selenicereus undatus,Selenicereus,David Bowie Dragon
Dragon Fruit,Delight,Selenicereus undatus,Selenicereus,Delight Dragon
Dragon Fruit,Ecuador Palora,Selenicereus megalanthus,Selenicereus,"Yellow Dragon, Golden Pitaya"
Dragon Fruit,Edgar's Baby,Selenicereus undatus,Selenicereus,Edgar's Baby Dragon
Dragon Fruit,Halley's Comet,Selenicereus costaricensis,Selenicereus,Halley's Comet Dragon
Dragon Fruit,Hawaiian Pink,Selenicereus costaricensis,Selenicereus,Hawaiian Pink Dragon
Dragon Fruit,Isis Gold,Selenicereus megalanthus,Selenicereus,"Yellow Pitaya, Golden Dragon"
Dragon Fruit,Kathie Van Arum,Selenicereus undatus,Selenicereus,Kathie Van Arum Dragon
Dragon Fruit,L.A. Woman,Selenicereus undatus,Selenicereus,LA Woman Dragon
Dragon Fruit,Lisa,Selenicereus costaricensis,Selenicereus,Lisa Dragon
Dragon Fruit,Makisupa,Selenicereus costaricensis,Selenicereus,Makisupa Red
Dragon Fruit,Neitzel,Selenicereus undatus,Selenicereus,Neitzel Dragon
Dragon Fruit,Niu Nai,Selenicereus undatus,Selenicereus,"Milk Fruit Dragon, Niu Nai"
Dragon Fruit,Physical Graffiti,Selenicereus costaricensis,Selenicereus,Physical Graffiti Dragon
Dragon Fruit,Pink Panther,Selenicereus costaricensis,Selenicereus,Pink Panther Dragon
Dragon Fruit,Purple Haze,Selenicereus costaricensis,Selenicereus,Purple Haze Dragon
Dragon Fruit,Red Jaina,Selenicereus costaricensis,Selenicereus,"Jaina Red, Mexican Red"
Dragon Fruit,San Ignacio,Selenicereus costaricensis,Selenicereus,San Ignacio Red
Dragon Fruit,Seoul Kitchen,Selenicereus undatus,Selenicereus,Seoul Kitchen Dragon
Dragon Fruit,Sugar Dragon,Selenicereus costaricensis,Selenicereus,Sugar Dragon Red
Dragon Fruit,Tricia,Selenicereus undatus,Selenicereus,Tricia Dragon
Dragon Fruit,Valdivia Roja,Selenicereus costaricensis,Selenicereus,Valdivia Red
Dragon Fruit,Vietnamese Giant,Selenicereus undatus,Selenicereus,"Vietnam Giant, White Giant"
Dragon Fruit,Vietnamese White,Selenicereus undatus,Selenicereus,"Vietnam White, Binh Thuan"
Dragon Fruit,Voodoo Child,Selenicereus costaricensis,Selenicereus,Voodoo Child Dragon
Dragon Fruit,Yellow Dragon,Selenicereus megalanthus,Selenicereus,"Colombian Yellow, Ecuador Gold"
Dragon Fruit,Zamorano,Selenicereus costaricensis,Selenicereus,Zamorano Red
Lychee,Bengal,Litchi chinensis,Litchi,Bengal Lychee
Lychee,Bosworth 3,Litchi chinensis,Litchi,"B3, Bosworth #3"
Lychee,Brewster,Litchi chinensis,Litchi,"Chen Purple, Chen Zi"
Lychee,Chakrapad,Litchi chinensis,Litchi,"Emperor, Chakapat"
Lychee,Emperor,Litchi chinensis,Litchi,"Chakrapad, Da Zao"
Lychee,Fay Zee Siu,Litchi chinensis,Litchi,"Fei Zi Xiao, Feizixiao"
Lychee,Groff,Litchi chinensis,Litchi,Groff Lychee
Lychee,Haak Yip,Litchi chinensis,Litchi,"Hei Ye, Black Leaf"
Lychee,Hanging Green,Litchi chinensis,Litchi,"Gua Lu, Gualu"
Lychee,Hei Ye,Litchi chinensis,Litchi,"Black Leaf, Haak Yip"
Lychee,Kaimana,Litchi chinensis,Litchi,"Groff, Kaimana"
Lychee,Kwai Mai Pink,Litchi chinensis,Litchi,"Kwai Mi, Bosworth 3"
Lychee,Kwai Mi,Litchi chinensis,Litchi,"Kwai May, Mauritius"
Lychee,Mauritius,Litchi chinensis,Litchi,"Kwai Mi, Da Zao"
Lychee,No Mai Chee,Litchi chinensis,Litchi,"No Mai Tsze, Glutinous Rice"
Lychee,Nuomici,Litchi chinensis,Litchi,"No Mai Chee, Sticky Rice"
Lychee,Ohia,Litchi chinensis,Litchi,Ohia Lychee
Lychee,Pink Extra Large,Litchi chinensis,Litchi,Pink Extra Large Lychee
Lychee,Rose Scented,Litchi chinensis,Litchi,"Gui Wei, Rose"
Lychee,Salathiel,Litchi chinensis,Litchi,"Sah Keng, Salathiel"
Lychee,Sampao Kaow,Litchi chinensis,Litchi,"San Pao Hao, Three Treasures"
Lychee,Sanyuehong,Litchi chinensis,Litchi,"March Red, San Yueh Hong"
Lychee,Souey Tung,Litchi chinensis,Litchi,"Shuijing, Crystal"
Lychee,Sweet Cliff,Litchi chinensis,Litchi,"Sweetheart, Tim Ngam"
Lychee,Sweet Heart,Litchi chinensis,Litchi,"Sweetheart, Xin Qiu Mi Li"
Lychee,Tai So,Litchi chinensis,Litchi,"Tai Tsao, Big Early"
Lychee,Wai Chee,Litchi chinensis,Litchi,"Huai Zhi, Wai Chi"
Rambutan,Anak Sekolah,Nephelium lappaceum,Nephelium,"School Child, R3"
Rambutan,Batavia,Nephelium lappaceum,Nephelium,Batavia Rambutan
Rambutan,Binjai,Nephelium lappaceum,Nephelium,"Binjei, R4"
Rambutan,Bingjai,Nephelium lappaceum,Nephelium,Bingjai Rambutan
Rambutan,Buluh Besar,Nephelium lappaceum,Nephelium,Buluh Besar Rambutan
Rambutan,Chompu,Nephelium lappaceum,Nephelium,"Pink, Si Chompu"
Rambutan,Gading,Nephelium lappaceum,Nephelium,"Yellow, Gading"
Rambutan,Garuda,Nephelium lappaceum,Nephelium,Garuda Rambutan
Rambutan,Geli,Nephelium lappaceum,Nephelium,Geli Rambutan
Rambutan,Gula Batu,Nephelium lappaceum,Nephelium,"Rock Sugar, Sweet"
Rambutan,Jit Lee,Nephelium lappaceum,Nephelium,"Jitlee, R156"
Rambutan,King,Nephelium lappaceum,Nephelium,"King Rambutan, Raja"
Rambutan,Lebak Bulus,Nephelium lappaceum,Nephelium,"Lebakbulus, R9"
Rambutan,Maharlika,Nephelium lappaceum,Nephelium,Maharlika Rambutan
Rambutan,Muar Gading,Nephelium lappaceum,Nephelium,Muar Gading Rambutan
Rambutan,N18,Nephelium lappaceum,Nephelium,N18 Selection
Rambutan,Oh Heok,Nephelium lappaceum,Nephelium,"Black, Oh Heok"
Rambutan,Peng Thing Bee,Nephelium lappaceum,Nephelium,Peng Thing Bee Rambutan
Rambutan,Queen Zaida,Nephelium lappaceum,Nephelium,"Zaida, Queen"
Rambutan,R134,Nephelium lappaceum,Nephelium,R134 Selection
Rambutan,R156,Nephelium lappaceum,Nephelium,"Jit Lee, R156"
Rambutan,R162,Nephelium lappaceum,Nephelium,R162 Selection
Rambutan,R167,Nephelium lappaceum,Nephelium,R167 Selection
Rambutan,R3,Nephelium lappaceum,Nephelium,"Anak Sekolah, R3"
Rambutan,R4,Nephelium lappaceum,Nephelium,"Binjai, R4"
Rambutan,R5,Nephelium lappaceum,Nephelium,R5 Selection
Rambutan,R7,Nephelium lappaceum,Nephelium,"Rongrien, R7"
Rambutan,R9,Nephelium lappaceum,Nephelium,"Lebak Bulus, R9"
Rambutan,Rapiah,Nephelium lappaceum,Nephelium,"Rapiah, R191"
Rambutan,Rong Rien,Nephelium lappaceum,Nephelium,"Rongrien, R7"
Rambutan,Seechompoo,Nephelium lappaceum,Nephelium,"Pink, Si Chompu"
Rambutan,Seematjan,Nephelium lappaceum,Nephelium,Seematjan Rambutan
Rambutan,Seenjonja,Nephelium lappaceum,Nephelium,Seenjonja Rambutan
Rambutan,Seepadang,Nephelium lappaceum,Nephelium,Seepadang Rambutan
Rambutan,Si Chompu,Nephelium lappaceum,Nephelium,"Pink Rambutan, Chompu"
Rambutan,Sikoneng,Nephelium lappaceum,Nephelium,"Yellow, Koneng"
Rambutan,Simacan,Nephelium lappaceum,Nephelium,Simacan Rambutan
Rambutan,Sitangkue,Nephelium lappaceum,Nephelium,Sitangkue Rambutan
Mangosteen,Purple,Garcinia mangostana,Garcinia,"Queen of Fruits, Manggis"
Mangosteen,Yellow,Garcinia dulcis,Garcinia,"Mundu, Maphuut"
Durian,Black Thorn,Durio zibethinus,Durio,"D200, Ochee, Duri Hitam"
Durian,Chanee,Durio zibethinus,Durio,"Chan Nee, Gibbon, D123"
Durian,D101,Durio zibethinus,Durio,"Mae Thong, D101"
Durian,D13,Durio zibethinus,Durio,D13 Durian
Durian,D145,Durio zibethinus,Durio,"Beserah, D145"
Durian,D158,Durio zibethinus,Durio,"Gan Yao, Kan Yao"
Durian,D159,Durio zibethinus,Durio,"Mon Thong, D159"
Durian,D160,Durio zibethinus,Durio,"Tekka, D160"
Durian,D163,Durio zibethinus,Durio,"Horlor, D163"
Durian,D168,Durio zibethinus,Durio,"IOI, D168"
Durian,D169,Durio zibethinus,Durio,D169 Durian
Durian,D175,Durio zibethinus,Durio,"Udang Merah, Red Prawn"
Durian,D197,Durio zibethinus,Durio,"Musang King, Raja Kunyit"
Durian,D24,Durio zibethinus,Durio,"Sultan, D24"
Durian,D88,Durio zibethinus,Durio,"Darling, D88"
Durian,D99,Durio zibethinus,Durio,"Kop Kecil, D99"
Durian,Gaan Yao,Durio zibethinus,Durio,"Kan Yao, Long Stem"
Durian,Golden Phoenix,Durio zibethinus,Durio,"Jin Feng, Tangkai Panjang"
Durian,Golden Pillow,Durio zibethinus,Durio,"Mon Thong, Golden Pillow"
Durian,Gumpun,Durio zibethinus,Durio,Gumpun Durian
Durian,Jin Feng,Durio zibethinus,Durio,"Golden Phoenix, Jin Feng"
Durian,Kan Yao,Durio zibethinus,Durio,"Gaan Yao, D158"
Durian,Kradum Thong,Durio zibethinus,Durio,"Golden Button, Gradumtong"
Durian,Mao Shan Wang,Durio zibethinus,Durio,"Musang King, D197, Butter Durian"
Durian,Mon Thong,Durio zibethinus,Durio,"Monthong, Golden Pillow"
Durian,Musang King,Durio zibethinus,Durio,"Mao Shan Wang, D197, Raja Kunyit"
Durian,Puang Manee,Durio zibethinus,Durio,"Puangmanee, Luang"
Durian,Red Prawn,Durio zibethinus,Durio,"Udang Merah, D175, Hong Xia"
Durian,Sultan,Durio zibethinus,Durio,"D24, Sultan"
Durian,Tekka,Durio zibethinus,Durio,"Green Bamboo, D160"
Durian,XO,Durio zibethinus,Durio,"D172, Alcohol Durian"
Jackfruit,Black Gold,Artocarpus heterophyllus,Artocarpus,Black Gold Jack
Jackfruit,Borneo Red,Artocarpus heterophyllus,Artocarpus,"Red Jack, Borneo Red"
Jackfruit,Cheena,Artocarpus heterophyllus,Artocarpus,"Chena, Jackfruit-Chempedak Hybrid"
Jackfruit,Cochin,Artocarpus heterophyllus,Artocarpus,"Koozha, Varikka"
Jackfruit,Dang Rasimi,Artocarpus heterophyllus,Artocarpus,"Rasimi, Dang Rasimi"
Jackfruit,Excalibur Red,Artocarpus heterophyllus,Artocarpus,Excalibur Red Jack
Jackfruit,Galaxy,Artocarpus heterophyllus,Artocarpus,Galaxy Jack
Jackfruit,Golden Nugget,Artocarpus heterophyllus,Artocarpus,"Gold Nugget, Soft Jack"
Jackfruit,Golden Pillow,Artocarpus heterophyllus,Artocarpus,Golden Pillow Jack
Jackfruit,Honey Gold,Artocarpus heterophyllus,Artocarpus,"Honey Jack, Sweet Gold"
Jackfruit,J-30,Artocarpus heterophyllus,Artocarpus,"J30, Selection 30"
Jackfruit,J-31,Artocarpus heterophyllus,Artocarpus,"J31, Selection 31"
Jackfruit,J-33,Artocarpus heterophyllus,Artocarpus,"J33, Selection 33"
Jackfruit,Kan Bau,Artocarpus heterophyllus,Artocarpus,Kan Bau Jack
Jackfruit,Khun Nan,Artocarpus heterophyllus,Artocarpus,Khun Nan
Jackfruit,Kunnan,Artocarpus heterophyllus,Artocarpus,"Khun Nan, Kun Nan"
Jackfruit,Lemon Gold,Artocarpus heterophyllus,Artocarpus,Lemon Gold Jack
Jackfruit,Mai 1,Artocarpus heterophyllus,Artocarpus,"Mai 1, NS1"
Jackfruit,Mai 2,Artocarpus heterophyllus,Artocarpus,"Mai 2, NS2"
Jackfruit,Mai 3,Artocarpus heterophyllus,Artocarpus,"Mai 3, NS3"
Jackfruit,NS1,Artocarpus heterophyllus,Artocarpus,"Mai 1, NS1 Selection"
Jackfruit,Orange Crush,Artocarpus heterophyllus,Artocarpus,Orange Crush Jack
Jackfruit,Sabah Hybrid,Artocarpus heterophyllus,Artocarpus,Sabah Hybrid Jack
Jackfruit,Super Early,Artocarpus heterophyllus,Artocarpus,Super Early Jack
Jackfruit,Tabouey,Artocarpus heterophyllus,Artocarpus,Tabouey Jack
Jackfruit,Valley Gold,Artocarpus heterophyllus,Artocarpus,Valley Gold Jack
Jackfruit,Vetchai,Artocarpus heterophyllus,Artocarpus,Vetchai Jack
Jackfruit,Zainal Yellow,Artocarpus heterophyllus,Artocarpus,"Zainal, Yellow Jack"
Star Fruit,Arkin,Averrhoa carambola,Averrhoa,"Arkin Sweet, Florida Sweet"
Star Fruit,B-10,Averrhoa carambola,Averrhoa,"B10, Dwarf Hawaiian"
Star Fruit,B-17,Averrhoa carambola,Averrhoa,"B17, Selection"
Star Fruit,Bell,Averrhoa carambola,Averrhoa,"Bell Starfruit, Taiwan Bell"
Star Fruit,Buah Tunjuk,Averrhoa carambola,Averrhoa,Buah Tunjuk
Star Fruit,Cheng Chui,Averrhoa carambola,Averrhoa,Cheng Chui Star
Star Fruit,Dah Pon,Averrhoa carambola,Averrhoa,"Tahpon, Dah Pon"
Star Fruit,Demak,Averrhoa carambola,Averrhoa,"Demak Green, Indonesian"
Star Fruit,Dwarf Hawaiian,Averrhoa carambola,Averrhoa,"B-10, Dwarf"
Star Fruit,Fwang Tung,Averrhoa carambola,Averrhoa,"Fwang Tung, Thai Golden"
Star Fruit,Giant Siam,Averrhoa carambola,Averrhoa,Giant Siam Star
Star Fruit,Golden Star,Averrhoa carambola,Averrhoa,"Golden Star, Yellow Star"
Star Fruit,Hart,Averrhoa carambola,Averrhoa,Hart Starfruit
Star Fruit,Hew-1,Averrhoa carambola,Averrhoa,"Hew 1, Selection"
Star Fruit,Jungle Gold,Averrhoa carambola,Averrhoa,Jungle Gold Star
Star Fruit,Kari,Averrhoa carambola,Averrhoa,"Kary, Hawaiian Kari"
Star Fruit,Kembangan,Averrhoa carambola,Averrhoa,"Sri Kembangan, Sweet"
Star Fruit,Lara,Averrhoa carambola,Averrhoa,Lara Starfruit
Star Fruit,Maha,Averrhoa carambola,Averrhoa,"Maha Sweet, Thai Maha"
Star Fruit,Malaysian Knight,Averrhoa carambola,Averrhoa,Malaysian Knight Star
Star Fruit,Mih Tao,Averrhoa carambola,Averrhoa,"Honey Star, Mih Tao"
Star Fruit,Newcomb,Averrhoa carambola,Averrhoa,Newcomb Starfruit
Star Fruit,Pat Chun,Averrhoa carambola,Averrhoa,Pat Chun Star
Star Fruit,Peat's Prolific,Averrhoa carambola,Averrhoa,Peat's Prolific Star
Star Fruit,Sri Kembangan,Averrhoa carambola,Averrhoa,"Kembangan, Malaysian Sweet"
Star Fruit,Star King,Averrhoa carambola,Averrhoa,Star King Carambola
Star Fruit,Starlet,Averrhoa carambola,Averrhoa,Starlet Carambola
Star Fruit,Thai Knight,Averrhoa carambola,Averrhoa,Thai Knight Star
Star Fruit,Wheeler,Averrhoa carambola,Averrhoa,Wheeler Starfruit
Coconut,Chowghat Orange Dwarf,Cocos nucifera,Cocos,"COD, Orange Dwarf"
Coconut,Dwarf Green,Cocos nucifera,Cocos,"Malayan Green, Green Dwarf"
Coconut,Dwarf Orange,Cocos nucifera,Cocos,"King Coconut, Orange Dwarf"
Coconut,Dwarf Red,Cocos nucifera,Cocos,"Malayan Red, Red Dwarf"
Coconut,Dwarf Yellow,Cocos nucifera,Cocos,"Malayan Yellow, Golden Dwarf"
Coconut,Fiji Dwarf,Cocos nucifera,Cocos,"Niu Leka, Samoan Dwarf"
Coconut,Golden Malay,Cocos nucifera,Cocos,"Golden Malayan, Yellow Dwarf"
Coconut,Green Malay,Cocos nucifera,Cocos,"Malayan Green Dwarf, MGD"
Coconut,Jamaica Tall,Cocos nucifera,Cocos,"Atlantic Tall, Jamaica"
Coconut,King,Cocos nucifera,Cocos,"King Coconut, Thembili"
Coconut,Macapuno,Cocos nucifera,Cocos,"Makapuno, Coconut Sport"
Coconut,Malayan Green Dwarf,Cocos nucifera,Cocos,"MGD, Green Malay"
Coconut,Malayan Red Dwarf,Cocos nucifera,Cocos,"MRD, Red Malay"
Coconut,Malayan Yellow Dwarf,Cocos nucifera,Cocos,"MYD, Yellow Malay"
Coconut,Maypan,Cocos nucifera,Cocos,"Maypan Hybrid, MAYPAN"
Coconut,Nino,Cocos nucifera,Cocos,"Nino Coconut, Baby Coconut"
Coconut,Panama Tall,Cocos nucifera,Cocos,"Pacific Tall, Panama"
Coconut,Rennel Tall,Cocos nucifera,Cocos,"Rennell Island Tall, RIT"
Coconut,Samoan Dwarf,Cocos nucifera,Cocos,"Niu Leka, Samoa Dwarf"
Coconut,Tahitian Tall,Cocos nucifera,Cocos,"Tahiti Tall, RIT"
Coconut,West Coast Tall,Cocos nucifera,Cocos,"WCT, Indian Tall"
Breadfruit,Aravei,Artocarpus altilis,Artocarpus,Aravei Breadfruit
Breadfruit,Balekana,Artocarpus altilis,Artocarpus,Balekana Breadfruit
Breadfruit,Havana,Artocarpus altilis,Artocarpus,Havana Breadfruit
Breadfruit,Ma'afala,Artocarpus altilis,Artocarpus,"Maafala, Samoan"
Breadfruit,Maopo,Artocarpus altilis,Artocarpus,Maopo Breadfruit
Breadfruit,Mein Padahk,Artocarpus altilis,Artocarpus,"Mei Uhpw, Micronesian"
Breadfruit,Mejwaan,Artocarpus altilis,Artocarpus,"Marshallese, Mejwaan"
Breadfruit,Otea,Artocarpus altilis,Artocarpus,"Tahitian, Otea"
Breadfruit,Paea,Artocarpus altilis,Artocarpus,Paea Breadfruit
Breadfruit,Piipiia,Artocarpus altilis,Artocarpus,Piipiia Breadfruit
Breadfruit,Puou,Artocarpus altilis,Artocarpus,"Puo'u, Hawaiian"
Breadfruit,Rare Autia,Artocarpus altilis,Artocarpus,Rare Autia Breadfruit
Breadfruit,Rotuma,Artocarpus altilis,Artocarpus,"Rotuman, Rotuma"
Breadfruit,Samoan 1,Artocarpus altilis,Artocarpus,Samoan 1 Breadfruit
Breadfruit,Samoan 2,Artocarpus altilis,Artocarpus,Samoan 2 Breadfruit
Breadfruit,Toneno,Artocarpus altilis,Artocarpus,Toneno Breadfruit
Breadfruit,Ulu Fiti,Artocarpus altilis,Artocarpus,"Fijian, Ulu Fiti"
Breadfruit,Ulu Manua,Artocarpus altilis,Artocarpus,Ulu Manua Breadfruit
Breadfruit,White,Artocarpus altilis,Artocarpus,White Breadfruit
Breadfruit,Yellow,Artocarpus altilis,Artocarpus,"Yellow Heart, Yellow"
Soursop,Cuban Fibreless,Annona muricata,Annona,"Cuban Fiberless, Sin Fibra"
Soursop,Elita,Annona muricata,Annona,Elita Soursop
Soursop,Fiberless,Annona muricata,Annona,"Sin Fibra, Fiberless"
Soursop,Giant,Annona muricata,Annona,"Giant Soursop, Gigante"
Soursop,Guanabana Blanca,Annona muricata,Annona,"White Soursop, Blanca"
Soursop,Guanabana Dulce,Annona muricata,Annona,"Sweet Soursop, Dulce"
Soursop,Guanabana Lisa,Annona muricata,Annona,"Smooth Soursop, Lisa"
Soursop,Guanabana Roja,Annona muricata,Annona,"Red Soursop, Roja"
Soursop,Hilo Beauty,Annona muricata,Annona,Hilo Beauty Soursop
Soursop,Indonesian Seedless,Annona muricata,Annona,"Seedless, Indonesian"
Soursop,Kader,Annona muricata,Annona,Kader Soursop
Soursop,Kasoy,Annona muricata,Annona,Kasoy Soursop
Soursop,Kilo,Annona muricata,Annona,Kilo Soursop
Soursop,Malay,Annona muricata,Annona,"Malaysian, Durian Belanda"
Soursop,Morada,Annona muricata,Annona,"Purple, Morada"
Soursop,Red,Annona muricata,Annona,"Red Soursop, Roja"
Soursop,Sirsak Ratu,Annona muricata,Annona,"Queen Soursop, Ratu"
Soursop,Sweet,Annona muricata,Annona,"Sweet Soursop, Dulce"
Soursop,Vietnamese Thornless,Annona muricata,Annona,"Thornless, Mang Cau Gai"
Soursop,White,Annona muricata,Annona,"White Soursop, Blanca"
Custard Apple,African Pride,Annona × atemoya,Annona,"Atemoya, Pineapple Sugar Apple"
Custard Apple,Arka Sahan,Annona reticulata,Annona,Arka Sahan Custard
Custard Apple,Balanagar,Annona squamosa,Annona,"Red Sitaphal, Balanagar"
Custard Apple,Barbados,Annona reticulata,Annona,Barbados Custard
Custard Apple,Bradley,Annona × atemoya,Annona,"Bradley Atemoya, Page"
Custard Apple,British Guinea,Annona reticulata,Annona,British Guinea Custard
Custard Apple,Bullock's Heart,Annona reticulata,Annona,"Ramphal, Ox Heart"
Custard Apple,Fernandez,Annona reticulata,Annona,Fernandez Custard
Custard Apple,Gefner,Annona × atemoya,Annona,"Geffner, Israeli Atemoya"
Custard Apple,Green,Annona reticulata,Annona,Green Custard Apple
Custard Apple,Hillary White,Annona squamosa,Annona,"Hillary, White Sugar Apple"
Custard Apple,Island Gem,Annona squamosa,Annona,Island Gem Sugar Apple
Custard Apple,Kampong Mauve,Annona squamosa,Annona,"Purple Sugar Apple, Kampong"
Custard Apple,Lebanese Red,Annona squamosa,Annona,"Red Sugar Apple, Lebanese"
Custard Apple,Lessard Thai,Annona squamosa,Annona,"Thai Lessard, Green Sugar Apple"
Custard Apple,Lindstrom,Annona × atemoya,Annona,Lindstrom Atemoya
Custard Apple,Mammoth,Annona × atemoya,Annona,"Mammoth Atemoya, Large"
Custard Apple,Na Dai,Annona squamosa,Annona,"Vietnamese Sugar Apple, Na Dai"
Custard Apple,Page,Annona × atemoya,Annona,"Page Atemoya, Bradley"
Custard Apple,Pink's Mammoth,Annona × atemoya,Annona,"Pink Mammoth, Australian"
Custard Apple,Purple,Annona squamosa,Annona,"Purple Sugar Apple, Kampong"
Custard Apple,Red,Annona reticulata,Annona,"Red Custard Apple, Ramphal"
Custard Apple,San Pablo,Annona reticulata,Annona,San Pablo Custard
Custard Apple,Thai Lessard,Annona squamosa,Annona,"Lessard, Thai Sugar Apple"
Custard Apple,Thai Seedless,Annona squamosa,Annona,"Seedless Sugar Apple, Thai"
Cherimoya,Bays,Annona cherimola,Annona,Bays Cherimoya
Cherimoya,Big Sister,Annona cherimola,Annona,Big Sister Cherimoya
Cherimoya,Bonita,Annona cherimola,Annona,Bonita Cherimoya
Cherimoya,Booth,Annona cherimola,Annona,Booth Cherimoya
Cherimoya,Bronceada,Annona cherimola,Annona,"Bronze, Bronceada"
Cherimoya,Campa,Annona cherimola,Annona,Campa Cherimoya
Cherimoya,Campas,Annona cherimola,Annona,Campas Cherimoya
Cherimoya,Chaffey,Annona cherimola,Annona,Chaffey Cherimoya
Cherimoya,Deliciosa,Annona cherimola,Annona,"Delicious, Deliciosa"
Cherimoya,Ecuador,Annona cherimola,Annona,Ecuador Cherimoya
Cherimoya,El Bumpo,Annona cherimola,Annona,"Bumpo, California"
Cherimoya,Fino de Jete,Annona cherimola,Annona,"Spanish, Fino"
Cherimoya,Honeyheart,Annona cherimola,Annona,Honeyheart Cherimoya
Cherimoya,Knight,Annona cherimola,Annona,Knight Cherimoya
Cherimoya,Lisa,Annona cherimola,Annona,"Smooth, Lisa"
Cherimoya,McPherson,Annona cherimola,Annona,McPherson Cherimoya
Cherimoya,Nata,Annona cherimola,Annona,Nata Cherimoya
Cherimoya,Ott,Annona cherimola,Annona,Ott Cherimoya
Cherimoya,Pierce,Annona cherimola,Annona,Pierce Cherimoya
Cherimoya,Reretai,Annona cherimola,Annona,Reretai Cherimoya
Cherimoya,Ryerson,Annona cherimola,Annona,Ryerson Cherimoya
Cherimoya,Sabor,Annona cherimola,Annona,Sabor Cherimoya
Cherimoya,Santa Rosa,Annona cherimola,Annona,Santa Rosa Cherimoya
Cherimoya,Selma,Annona cherimola,Annona,Selma Cherimoya
Cherimoya,Spain,Annona cherimola,Annona,"Spanish, Spain"
Cherimoya,Whaley,Annona cherimola,Annona,Whaley Cherimoya
Cherimoya,White,Annona cherimola,Annona,"White Cherimoya, Blanca"
Sapodilla,Alano,Manilkara zapota,Manilkara,Alano Sapodilla
Sapodilla,Aruz,Manilkara zapota,Manilkara,Aruz Sapodilla
Sapodilla,Betawi,Manilkara zapota,Manilkara,"Jakarta, Sawo Betawi"
Sapodilla,Brown Sugar,Manilkara zapota,Manilkara,"Azucar Morena, Brown"
Sapodilla,Crystal,Manilkara zapota,Manilkara,"Crystal, Cristal"
Sapodilla,Hasya,Manilkara zapota,Manilkara,Hasya Sapodilla
Sapodilla,Jamaican #1,Manilkara zapota,Manilkara,Jamaican 1
Sapodilla,Jamaican #2,Manilkara zapota,Manilkara,Jamaican 2
Sapodilla,Kalipatti,Manilkara zapota,Manilkara,"Cricket Ball, Kali"
Sapodilla,Kirthabarthi,Manilkara zapota,Manilkara,Kirthabarthi Sapodilla
Sapodilla,Krasuey,Manilkara zapota,Manilkara,"Thai, Lamut Khamen"
Sapodilla,Makok,Manilkara zapota,Manilkara,Makok Sapodilla
Sapodilla,Martin,Manilkara zapota,Manilkara,Martin Sapodilla
Sapodilla,Molix,Manilkara zapota,Manilkara,Molix Sapodilla
Sapodilla,Morena,Manilkara zapota,Manilkara,"Brown Beauty, Morena"
Sapodilla,Oxkutzcab,Manilkara zapota,Manilkara,"Ox, Mexican"
Sapodilla,Pala,Manilkara zapota,Manilkara,Pala Sapodilla
Sapodilla,Pilipatti,Manilkara zapota,Manilkara,Pilipatti Sapodilla
Sapodilla,Prolific,Manilkara zapota,Manilkara,"Silas Woods, Prolific"
Sapodilla,Ramferi,Manilkara zapota,Manilkara,Ramferi Sapodilla
Sapodilla,Russell,Manilkara zapota,Manilkara,Russell Sapodilla
Sapodilla,Sawo Betawi,Manilkara zapota,Manilkara,"Betawi, Jakarta"
Sapodilla,Sawo Kecik,Manilkara zapota,Manilkara,"Small, Kecik"
Sapodilla,Sawo Manila,Manilkara zapota,Manilkara,"Manila, Philippine"
Sapodilla,Silas Woods,Manilkara zapota,Manilkara,"Prolific, Silas"
Sapodilla,Singapore,Manilkara zapota,Manilkara,Singapore Sapodilla
Sapodilla,Tikal,Manilkara zapota,Manilkara,"Guatemala, Tikal"
Sapodilla,Valera,Manilkara zapota,Manilkara,Valera Sapodilla
Sapodilla,Vikas,Manilkara zapota,Manilkara,Vikas Sapodilla
Persimmon,Chocolate,Diospyros digyna,Diospyros,"Black Sapote, Chocolate Pudding Fruit"
Persimmon,Fuyu,Diospyros kaki,Diospyros,"Fuyugaki, Non-astringent"
Persimmon,Giombo,Diospyros kaki,Diospyros,"Giant Fuyu, Jumbo"
Persimmon,Gosho,Diospyros kaki,Diospyros,"Giant Fuyu, Gosho"
Persimmon,Great Wall,Diospyros kaki,Diospyros,Great Wall Persimmon
Persimmon,Hachiya,Diospyros kaki,Diospyros,"Japanese Persimmon, Astringent"
Persimmon,Hanagosho,Diospyros kaki,Diospyros,"Flower Gosho, Hana"
Persimmon,Honan Red,Diospyros kaki,Diospyros,Honan Red Persimmon
Persimmon,Hyakume,Diospyros kaki,Diospyros,"Cinnamon Persimmon, Brown Sugar"
Persimmon,Ichi-Ki-Kei-Jiro,Diospyros kaki,Diospyros,"IKKJ, Flat Jiro"
Persimmon,Izu,Diospyros kaki,Diospyros,"Fuyu Type, Izu"
Persimmon,Jiro,Diospyros kaki,Diospyros,"Jiro, Non-astringent"
Persimmon,Mabolo,Diospyros discolor,Diospyros,"Velvet Apple, Kamagong"
Persimmon,Maekawa Jiro,Diospyros kaki,Diospyros,"Maekawa, Early Jiro"
Persimmon,Maru,Diospyros kaki,Diospyros,"Chocolate Persimmon, Maru"
Persimmon,Matsumoto Wase Fuyu,Diospyros kaki,Diospyros,"Early Fuyu, Matsumoto"
Persimmon,Midia,Diospyros kaki,Diospyros,Midia Persimmon
Persimmon,Mishirazu,Diospyros kaki,Diospyros,Mishirazu Persimmon
Persimmon,Nightingale,Diospyros kaki,Diospyros,Nightingale Persimmon
Persimmon,Okame,Diospyros kaki,Diospyros,Okame Persimmon
Persimmon,Ormond,Diospyros kaki,Diospyros,Ormond Persimmon
Persimmon,Peping,Diospyros kaki,Diospyros,Peping Persimmon
Persimmon,Rojo Brillante,Diospyros kaki,Diospyros,"Spanish Persimmon, Persimon"
Persimmon,Saijo,Diospyros kaki,Diospyros,"Very Best One, Japanese"
Persimmon,Sharon Fruit,Diospyros kaki,Diospyros,"Triumph, Israeli"
Persimmon,Sheng,Diospyros kaki,Diospyros,Sheng Persimmon
Persimmon,Suruga,Diospyros kaki,Diospyros,Suruga Persimmon
Persimmon,Tanenashi,Diospyros kaki,Diospyros,"Seedless, Astringent"
Persimmon,Texas,Diospyros texana,Diospyros,"Mexican Persimmon, Chapote"
Persimmon,Triumph,Diospyros kaki,Diospyros,"Sharon Fruit, Israeli"
Persimmon,Tsuru,Diospyros kaki,Diospyros,"Tsuru-no-ko, Astringent"
Persimmon,Twentieth Century,Diospyros kaki,Diospyros,Twentieth Century Persimmon
Persimmon,Yemon,Diospyros kaki,Diospyros,Yemon Persimmon
Persimmon,Yokono,Diospyros kaki,Diospyros,Yokono Persimmon
Longan,Biew Kiew,Dimocarpus longan,Dimocarpus,"Beo Khieo, Thai"
Longan,Diamond River,Dimocarpus longan,Dimocarpus,"Diamond Creek, Australian"
Longan,Duan,Dimocarpus longan,Dimocarpus,Duan Longan
Longan,E-Daw,Dimocarpus longan,Dimocarpus,"Daw, E-Daw"
Longan,E-Haew,Dimocarpus longan,Dimocarpus,"Haew, E-Haew"
Longan,E-Wai,Dimocarpus longan,Dimocarpus,"Wai, E-Wai"
Longan,Fukien,Dimocarpus longan,Dimocarpus,"Fujian, Fukien"
Longan,Haew,Dimocarpus longan,Dimocarpus,"Diamond River, Haew"
Longan,Kampuan,Dimocarpus longan,Dimocarpus,Kampuan Longan
Longan,Kohala,Dimocarpus longan,Dimocarpus,"Hawaiian, Kohala"
Longan,Phetsakon,Dimocarpus longan,Dimocarpus,"Biew Kiew, Phetsakon"
Longan,Ping Pong,Dimocarpus longan,Dimocarpus,"Large Fruit, Ping Pong"
Longan,Sri Chompoo,Dimocarpus longan,Dimocarpus,"Pink, Sri Chompoo"
Longan,Tiger Eye,Dimocarpus longan,Dimocarpus,Tiger Eye Longan
Longan,Wu Yuan,Dimocarpus longan,Dimocarpus,"Black Ball, Wu Yuan"
Salak,Bali,Salacca zalacca,Salacca,"Salak Bali, Bali Snake Fruit"
Salak,Gading,Salacca zalacca,Salacca,"Yellow Salak, Gading"
Salak,Gula Pasir,Salacca zalacca,Salacca,"Sugar Salak, Sweet"
Salak,Madu,Salacca zalacca,Salacca,"Honey Salak, Madu"
Salak,Pandak,Salacca zalacca,Salacca,Pandak Salak
Salak,Pondoh,Salacca zalacca,Salacca,"Salak Pondoh, Super"
Salak,Sidempuan,Salacca sumatrana,Salacca,"Sumatran Salak, Sidempuan"
Langsat,Duku,Lansium parasiticum,Lansium,"Duku Langsat, Lansones"
Langsat,Dokong,Lansium parasiticum,Lansium,"Duku-Langsat Hybrid, Dokong"
Langsat,Longkong,Lansium parasiticum,Lansium,"Long Kong, Thai Longkong"
Langsat,Pisitan,Lansium parasiticum,Lansium,Pisitan Langsat
Langsat,Uttaradit,Lansium parasiticum,Lansium,"Thai Langsat, Uttaradit"
Ackee,Butter,Blighia sapida,Blighia,"Butter Ackee, Soft"
Ackee,Cheese,Blighia sapida,Blighia,"Cheese Ackee, Firm"
Tamarind,Bangkok,Tamarindus indica,Tamarindus,Bangkok Tamarind
Tamarind,Makham Thet,Tamarindus indica,Tamarindus,"Sour Tamarind, Thai"
Tamarind,Makham Waan,Tamarindus indica,Tamarindus,"Sweet Tamarind, Thai Sweet"
Tamarind,Manila,Tamarindus indica,Tamarindus,"Manila Sweet, Philippine"
Tamarind,Spanish,Tamarindus indica,Tamarindus,Spanish Tamarind
Tamarind,Sri Thong,Tamarindus indica,Tamarindus,"Golden Tamarind, Sri Thong"
Tamarind,Sweet,Tamarindus indica,Tamarindus,"Sweet Tamarind, Makham Wan"
Starfruit,Acidic,Averrhoa bilimbi,Averrhoa,"Bilimbi, Cucumber Tree"
Starfruit,Sweet,Averrhoa bilimbi,Averrhoa,"Sweet Bilimbi, Less Sour"
Cashew Apple,Brazilian Dwarf,Anacardium occidentale,Anacardium,"Anão Precoce, CCP-76"
Cashew Apple,CCP-06,Anacardium occidentale,Anacardium,"Clone 06, Brazilian"
Cashew Apple,CCP-76,Anacardium occidentale,Anacardium,"Clone 76, Dwarf"
Cashew Apple,Dwarf Red,Anacardium occidentale,Anacardium,"Red Dwarf, Vermelho"
Cashew Apple,Dwarf Yellow,Anacardium occidentale,Anacardium,"Yellow Dwarf, Amarelo"
Cashew Apple,Gigante,Anacardium occidentale,Anacardium,"Giant, Gigante"
Cashew Apple,Nanum,Anacardium occidentale,Anacardium,"Dwarf, Nanum"
Cashew Apple,Red,Anacardium occidentale,Anacardium,"Red Cashew, Caju Vermelho"
Cashew Apple,Yellow,Anacardium occidentale,Anacardium,"Yellow Cashew, Caju Amarelo"
Jaboticaba,Aureana,Plinia aureana,Plinia,"White Jaboticaba, Branca Vinho"
Jaboticaba,Branca,Plinia cauliflora,Plinia,"White Jaboticaba, Green"
Jaboticaba,Cabinho,Plinia trunciflora,Plinia,"Small Leaf, Cabinho"
Jaboticaba,Coroada,Plinia coronata,Plinia,"Crowned, Restinga"
Jaboticaba,De Cipo,Plinia trunciflora,Plinia,"Vine Jaboticaba, Cipo"
Jaboticaba,Escarlate,Plinia phitrantha,Plinia,"Scarlet, Red Jaboticaba"
Jaboticaba,Grimal,Plinia cauliflora,Plinia,Grimal Jaboticaba
Jaboticaba,Hibrida,Plinia × cauliflora,Plinia,"Hybrid, Hibrida"
Jaboticaba,Lisa,Plinia cauliflora,Plinia,"Smooth, Lisa"
Jaboticaba,Olho de Boi,Plinia oblongata,Plinia,"Bull's Eye, Large"
Jaboticaba,Paulista,Plinia cauliflora,Plinia,"São Paulo, Paulista"
Jaboticaba,Ponhema,Plinia cauliflora,Plinia,Ponhema Jaboticaba
Jaboticaba,Precoce,Plinia cauliflora,Plinia,"Early, Precoce"
Jaboticaba,Rajada,Plinia cauliflora,Plinia,"Striped, Rajada"
Jaboticaba,Red Hybrid,Plinia × cauliflora,Plinia,"Red Hybrid, Vermelha"
Jaboticaba,Roxa,Plinia cauliflora,Plinia,"Purple, Roxa"
Jaboticaba,Sabara,Plinia jaboticaba,Plinia,"Common Jaboticaba, Sabará"
Jaboticaba,Santa Sofia,Plinia cauliflora,Plinia,Santa Sofia Jaboticaba
Caimito,Abiu,Pouteria caimito,Pouteria,"Yellow Abiu, Caimito"
Caimito,Alessa,Pouteria caimito,Pouteria,Alessa Caimito
Caimito,Gray,Pouteria caimito,Pouteria,"Gray Abiu, Cinza"
Caimito,Lemon Drop,Pouteria caimito,Pouteria,"Lemon Drop Mangosteen, Yellow"
Caimito,T-25,Pouteria caimito,Pouteria,"Selection T25, T-25"
Caimito,T-29,Pouteria caimito,Pouteria,"Selection T29, T-29"
Caimito,T-31,Pouteria caimito,Pouteria,"Selection T31, T-31"
Caimito,Z-1,Pouteria caimito,Pouteria,"Selection Z1, Z-1"
Caimito,Z-2,Pouteria caimito,Pouteria,"Selection Z2, Z-2"
Caimito,Z-3,Pouteria caimito,Pouteria,"Selection Z3, Z-3"
Caimito,Z-4,Pouteria caimito,Pouteria,"Selection Z4, Z-4"
Star Apple,Caimito,Chrysophyllum cainito,Chrysophyllum,"Purple Star Apple, Cainito"
Star Apple,Haitian Star Apple,Chrysophyllum cainito,Chrysophyllum,"Haitian, Green Star Apple"
Star Apple,Purple,Chrysophyllum cainito,Chrysophyllum,"Purple Caimito, Morado"
Star Apple,White,Chrysophyllum cainito,Chrysophyllum,"Green Star Apple, Verde"
Canistel,Askhar,Pouteria campechiana,Pouteria,Askhar Canistel
Canistel,Betawi,Pouteria campechiana,Pouteria,"Jakarta, Sawo Mentega"
Canistel,Bruce,Pouteria campechiana,Pouteria,Bruce Canistel
Canistel,Fairchild,Pouteria campechiana,Pouteria,"Fairchild #1, Egg Fruit"
Canistel,Fitzpatrick,Pouteria campechiana,Pouteria,Fitzpatrick Canistel
Canistel,HAES-1,Pouteria campechiana,Pouteria,"Hawaii Selection, HAES-1"
Canistel,Oro,Pouteria campechiana,Pouteria,"Golden, Oro"
Canistel,Ross,Pouteria campechiana,Pouteria,"Ross Sapote, Ross"
Canistel,Trompo,Pouteria campechiana,Pouteria,"Spinning Top, Trompo"
Mamey Sapote,Akil,Pouteria sapota,Pouteria,Akil Mamey
Mamey Sapote,Aleprete,Pouteria sapota,Pouteria,Aleprete Mamey
Mamey Sapote,Buena Vista,Pouteria sapota,Pouteria,Buena Vista Mamey
Mamey Sapote,Cancun,Pouteria sapota,Pouteria,Cancun Mamey
Mamey Sapote,Don Vicente #2,Pouteria sapota,Pouteria,"Don Vicente, DV2"
Mamey Sapote,Florida,Pouteria sapota,Pouteria,Florida Mamey
Mamey Sapote,Francisco Fernandez,Pouteria sapota,Pouteria,"Fernandez, Francisco"
Mamey Sapote,Gilberto #1,Pouteria sapota,Pouteria,"Gilberto, G1"
Mamey Sapote,Kampong,Pouteria sapota,Pouteria,Kampong Mamey
Mamey Sapote,Key West,Pouteria sapota,Pouteria,"Cayo Hueso, Key West"
Mamey Sapote,Lara,Pouteria sapota,Pouteria,Lara Mamey
Mamey Sapote,Magana,Pouteria sapota,Pouteria,"Magaña, El Magana"
Mamey Sapote,Mayapan,Pouteria sapota,Pouteria,Mayapan Mamey
Mamey Sapote,Pace,Pouteria sapota,Pouteria,Pace Mamey
Mamey Sapote,Pantin,Pouteria sapota,Pouteria,"Pantin #1, Cuban"
Mamey Sapote,Piloto,Pouteria sapota,Pouteria,Piloto Mamey
Mamey Sapote,Progreso,Pouteria sapota,Pouteria,Progreso Mamey
Mamey Sapote,Red,Pouteria sapota,Pouteria,"Red Mamey, Colorado"
Mamey Sapote,Santo Domingo,Pouteria sapota,Pouteria,"Dominican, Santo Domingo"
Mamey Sapote,Tazumal,Pouteria sapota,Pouteria,"El Salvador, Tazumal"
Mamey Sapote,Viejo,Pouteria sapota,Pouteria,"Old, Viejo"
Black Sapote,Bernicker,Diospyros nigra,Diospyros,Bernicker Black
Black Sapote,Black Beauty,Diospyros nigra,Diospyros,Black Beauty Sapote
Black Sapote,Cocktail,Diospyros nigra,Diospyros,Cocktail Black
Black Sapote,Florida,Diospyros nigra,Diospyros,Florida Black
Black Sapote,Ica,Diospyros nigra,Diospyros,Ica Black
Black Sapote,Maher,Diospyros nigra,Diospyros,Maher Black
Black Sapote,Merida,Diospyros nigra,Diospyros,"Yucatan, Merida"
Black Sapote,Mexico,Diospyros nigra,Diospyros,Mexico Black
Black Sapote,Mossman,Diospyros nigra,Diospyros,Mossman Black
Black Sapote,Quesada,Diospyros nigra,Diospyros,Quesada Black
Black Sapote,Reineke,Diospyros nigra,Diospyros,Reineke Black
Black Sapote,Superb,Diospyros nigra,Diospyros,Superb Black
White Sapote,Blumenthal,Casimiroa edulis,Casimiroa,Blumenthal White
White Sapote,Cuccio,Casimiroa edulis,Casimiroa,Cuccio White
White Sapote,Dade,Casimiroa edulis,Casimiroa,Dade White
White Sapote,Ecke,Casimiroa edulis,Casimiroa,Ecke White
White Sapote,Florida,Casimiroa edulis,Casimiroa,Florida White
White Sapote,Galloway,Casimiroa edulis,Casimiroa,Galloway White
White Sapote,Gillespie,Casimiroa edulis,Casimiroa,Gillespie White
White Sapote,Golden,Casimiroa edulis,Casimiroa,"Golden Globe, Yellow"
White Sapote,Harvey,Casimiroa edulis,Casimiroa,Harvey White
White Sapote,Homestead,Casimiroa edulis,Casimiroa,Homestead White
White Sapote,Ide,Casimiroa edulis,Casimiroa,Ide White
White Sapote,Ken's,Casimiroa edulis,Casimiroa,Ken's White
White Sapote,Lammertz,Casimiroa edulis,Casimiroa,Lammertz White
White Sapote,Lemon Gold,Casimiroa edulis,Casimiroa,"Lemon, Yellow"
White Sapote,Louise,Casimiroa edulis,Casimiroa,Louise White
White Sapote,Maltby,Casimiroa edulis,Casimiroa,Maltby White
White Sapote,McDill,Casimiroa edulis,Casimiroa,McDill White
White Sapote,Michele,Casimiroa edulis,Casimiroa,Michele White
White Sapote,Nancy Maltby,Casimiroa edulis,Casimiroa,"Nancy, Maltby"
White Sapote,Pike,Casimiroa edulis,Casimiroa,Pike White
White Sapote,Rainbow,Casimiroa edulis,Casimiroa,Rainbow White
White Sapote,Redland,Casimiroa edulis,Casimiroa,Redland White
White Sapote,Reineke Commercial,Casimiroa edulis,Casimiroa,"Commercial, Reineke"
White Sapote,Richardson,Casimiroa edulis,Casimiroa,Richardson White
White Sapote,SB-2,Casimiroa edulis,Casimiroa,"Santa Barbara 2, SB2"
White Sapote,Scion,Casimiroa edulis,Casimiroa,Scion White
White Sapote,Suebelle,Casimiroa edulis,Casimiroa,Suebelle White
White Sapote,Vernon,Casimiroa edulis,Casimiroa,Vernon White
White Sapote,Vista,Casimiroa edulis,Casimiroa,Vista White
White Sapote,Walton,Casimiroa edulis,Casimiroa,Walton White
White Sapote,Wilson,Casimiroa edulis,Casimiroa,Wilson White
White Sapote,Younghan's Gold,Casimiroa edulis,Casimiroa,"Younghan, Golden"
Wax Jambu,Black Pearl,Syzygium samarangense,Syzygium,"Black Diamond, Pearl"
Wax Jambu,Crystal,Syzygium samarangense,Syzygium,"Crystal White, Kristal"
Wax Jambu,Dark Red,Syzygium samarangense,Syzygium,"Deep Red, Maroon"
Wax Jambu,Deep Red,Syzygium samarangense,Syzygium,"Dark Red, Crimson"
Wax Jambu,Green,Syzygium samarangense,Syzygium,"Green Bell, Light Green"
Wax Jambu,Kala Jamun,Syzygium samarangense,Syzygium,"Black Jambu, Kala"
Wax Jambu,King,Syzygium samarangense,Syzygium,"King Size, Giant"
Wax Jambu,Kristal Taiwan,Syzygium samarangense,Syzygium,"Taiwan Crystal, White"
Wax Jambu,Macopa,Syzygium samarangense,Syzygium,"Makopa, Philippine Rose Apple"
Wax Jambu,Makopa Green,Syzygium samarangense,Syzygium,"Green Makopa, Verde"
Wax Jambu,Makopa Red,Syzygium samarangense,Syzygium,"Red Makopa, Rojo"
Wax Jambu,Pink,Syzygium samarangense,Syzygium,"Pink Pearl, Rose"
Wax Jambu,Red,Syzygium samarangense,Syzygium,"Red Bell, Merah"
Wax Jambu,Rose,Syzygium samarangense,Syzygium,"Rose Red, Pink"
Wax Jambu,Thonklong,Syzygium samarangense,Syzygium,"Thong Klong, Thai"
Wax Jambu,White,Syzygium samarangense,Syzygium,"White Crystal, Putih"
Rose Apple,Chom Phu,Syzygium jambos,Syzygium,"Thai Rose Apple, Chomphu"
Rose Apple,Jamb,Syzygium jambos,Syzygium,"Gulab Jamun, Rose"
Rose Apple,Yellow,Syzygium jambos,Syzygium,"Yellow Rose, Golden"
Malay Apple,Malay Red,Syzygium malaccense,Syzygium,"Mountain Apple, Otaheite Apple"
Malay Apple,Malay White,Syzygium malaccense,Syzygium,"White Mountain Apple, Kavika"
Malay Apple,Pomerac,Syzygium malaccense,Syzygium,"Otaheite Apple, Jamaican Apple"
Water Apple,Green Bell,Syzygium aqueum,Syzygium,"Bell Fruit, Green Water"
Water Apple,Pink,Syzygium aqueum,Syzygium,"Pink Water Apple, Rose Water"
Water Apple,Red,Syzygium aqueum,Syzygium,"Red Water Apple, Tambis"
Water Apple,White,Syzygium aqueum,Syzygium,"White Water Apple, Crystal"
Surinam Cherry,Barbados,Eugenia uniflora,Eugenia,"Barbados Cherry, West Indian"
Surinam Cherry,Black,Eugenia uniflora,Eugenia,"Black Pitanga, Preto"
Surinam Cherry,Lolita,Eugenia uniflora,Eugenia,Lolita Surinam
Surinam Cherry,Red,Eugenia uniflora,Eugenia,"Red Pitanga, Vermelho"
Surinam Cherry,Vermelho,Eugenia uniflora,Eugenia,"Red, Brazilian Cherry"
Pitomba,Large Fruited,Eugenia luschnathiana,Eugenia,"Grande, Large"
Pitomba,Small Fruited,Eugenia luschnathiana,Eugenia,"Pequeno, Small"
Grumichama,Black,Eugenia brasiliensis,Eugenia,"Brazil Cherry, Preto"
Grumichama,Purple,Eugenia brasiliensis,Eugenia,"Purple Cherry, Roxo"
Grumichama,Red,Eugenia brasiliensis,Eugenia,"Red Cherry, Vermelho"
Grumichama,Yellow,Eugenia brasiliensis,Eugenia,"Yellow Cherry, Amarelo"
Pitanga,Black,Eugenia uniflora,Eugenia,"Black Surinam Cherry, Negro"
Pitanga,Orange,Eugenia uniflora,Eugenia,"Orange Surinam, Laranja"
Pitanga,Purple,Eugenia uniflora,Eugenia,"Purple Surinam, Roxo"
Pitanga,Red,Eugenia uniflora,Eugenia,"Red Surinam, Colorado"
Pitanga,Vermilion,Eugenia uniflora,Eugenia,"Bright Red, Vermilion"
Cupuacu,Coari,Theobroma grandiflorum,Theobroma,"Coari Selection, Amazonas"
Cupuacu,Codajas,Theobroma grandiflorum,Theobroma,"Codajás, Amazonas"
Cupuacu,Manacapuru,Theobroma grandiflorum,Theobroma,"Manacapuru Selection, AM"
Cupuacu,Muaná,Theobroma grandiflorum,Theobroma,"Maués, Muaná"
Cupuacu,Redondo,Theobroma grandiflorum,Theobroma,"Round, Redondo"
Cupuacu,SCA 10,Theobroma grandiflorum,Theobroma,"Selection 10, SCA10"
Cupuacu,SCA 11,Theobroma grandiflorum,Theobroma,"Selection 11, SCA11"
Cupuacu,SCA 12,Theobroma grandiflorum,Theobroma,"Selection 12, SCA12"
Cupuacu,SCA 6,Theobroma grandiflorum,Theobroma,"Selection 6, SCA6"
Cupuacu,SCA 9,Theobroma grandiflorum,Theobroma,"Selection 9, SCA9"
Cacao,Amelonado,Theobroma cacao,Theobroma,"West African, Amelonado"
Cacao,CCN-51,Theobroma cacao,Theobroma,"Castro Naranjal, CCN51"
Cacao,Criollo,Theobroma cacao,Theobroma,"Native, Fine Flavor"
Cacao,EET-399,Theobroma cacao,Theobroma,"Ecuador Selection, EET399"
Cacao,Forastero,Theobroma cacao,Theobroma,"Bulk Cacao, Common"
Cacao,ICS-1,Theobroma cacao,Theobroma,"Imperial College Selection 1, Trinidad"
Cacao,ICS-39,Theobroma cacao,Theobroma,"Imperial College Selection 39, Trinidad"
Cacao,ICS-6,Theobroma cacao,Theobroma,"Imperial College Selection 6, Trinidad"
Cacao,ICS-95,Theobroma cacao,Theobroma,"Imperial College Selection 95, Trinidad"
Cacao,IMC-67,Theobroma cacao,Theobroma,"Iquitos Mixed Calabacillo, Peru"
Cacao,Nacional,Theobroma cacao,Theobroma,"Arriba, Ecuador Nacional"
Cacao,PA-169,Theobroma cacao,Theobroma,"Parinari Selection, Peru"
Cacao,Pound-12,Theobroma cacao,Theobroma,"P12, Pound Selection"
Cacao,Pound-7,Theobroma cacao,Theobroma,"P7, Pound Selection"
Cacao,SCA-12,Theobroma cacao,Theobroma,"Scavina 12, Peru"
Cacao,SCA-6,Theobroma cacao,Theobroma,"Scavina 6, Peru"
Cacao,SCA-9,Theobroma cacao,Theobroma,"Scavina 9, Peru"
Cacao,Scavina-6,Theobroma cacao,Theobroma,"SCA-6, Contamana"
Cacao,Trinitario,Theobroma cacao,Theobroma,"Trinidad Select, Hybrid"
Cacao,TSH-565,Theobroma cacao,Theobroma,"Trinidad Selection Hybrid, TSH565"
Cacao,TSH-792,Theobroma cacao,Theobroma,"Trinidad Selection Hybrid, TSH792"
Cacao,UF-613,Theobroma cacao,Theobroma,"United Fruit, Costa Rica"
Cacao,UF-667,Theobroma cacao,Theobroma,"United Fruit, Costa Rica"
Coffee,Arabica,Coffea arabica,Coffea,"Arabian Coffee, Mountain Coffee"
Coffee,Blue Mountain,Coffea arabica,Coffea,"Jamaica Blue Mountain, JBM"
Coffee,Bourbon,Coffea arabica,Coffea,"Red Bourbon, Yellow Bourbon"
Coffee,Catuai,Coffea arabica,Coffea,"Red Catuai, Yellow Catuai"
Coffee,Caturra,Coffea arabica,Coffea,"Dwarf Bourbon, Nanico"
Coffee,Geisha,Coffea arabica,Coffea,"Gesha, Panama Geisha"
Coffee,Jamaica Blue Mountain,Coffea arabica,Coffea,"JBM, Blue Mountain"
Coffee,Kona,Coffea arabica,Coffea,"Hawaiian Kona, Kona Coffee"
Coffee,Liberica,Coffea liberica,Coffea,"Barako, Philippine Coffee"
Coffee,Maragogype,Coffea arabica,Coffea,"Elephant Bean, Maragogipe"
Coffee,Mocha,Coffea arabica,Coffea,"Mocca, Yemen Mocha"
Coffee,Mundo Novo,Coffea arabica,Coffea,"New World, Brazilian"
Coffee,Pacamara,Coffea arabica,Coffea,"Pacas x Maragogype, Hybrid"
Coffee,Pacas,Coffea arabica,Coffea,"Salvadoran, Bourbon Mutation"
Coffee,Robusta,Coffea canephora,Coffea,"Conilon, Canephora"
Coffee,SL28,Coffea arabica,Coffea,"Scott Labs 28, Kenya"
Coffee,SL34,Coffea arabica,Coffea,"Scott Labs 34, Kenya"
Coffee,Typica,Coffea arabica,Coffea,"Blue Mountain, Criollo"
Coffee,Villa Sarchi,Coffea arabica,Coffea,"Costa Rican, Bourbon Mutation"
Coffee,Yellow Bourbon,Coffea arabica,Coffea,"Bourbon Amarelo, Yellow"
Acerola,B-17,Malpighia emarginata,Malpighia,"B17 Selection, Florida"
Acerola,Beaumont,Malpighia emarginata,Malpighia,"J.H. Beaumont, Hawaiian"
Acerola,CF-2,Malpighia emarginata,Malpighia,"Central Florida 2, CF2"
Acerola,Chuckles,Malpighia emarginata,Malpighia,Chuckles Acerola
Acerola,Corozal,Malpighia emarginata,Malpighia,"Puerto Rico, Corozal"
Acerola,F-Haley,Malpighia emarginata,Malpighia,"Florida Haley, Haley"
Acerola,Florida Sweet,Malpighia emarginata,Malpighia,"Sweet, Florida"
Acerola,Hawaiian Queen,Malpighia emarginata,Malpighia,"Queen, Hawaii"
Acerola,J.H. Beaumont,Malpighia emarginata,Malpighia,"Beaumont, JH"
Acerola,Jumbo,Malpighia emarginata,Malpighia,"Giant, Jumbo"
Acerola,Liberty,Malpighia emarginata,Malpighia,Liberty Acerola
Acerola,Manoa Sweet,Malpighia emarginata,Malpighia,"Manoa, Sweet Hawaiian"
Acerola,Maunawili,Malpighia emarginata,Malpighia,"Hawaiian, Maunawili"
Acerola,Rehnborg,Malpighia emarginata,Malpighia,Rehnborg Acerola
Acerola,Rosinha,Malpighia emarginata,Malpighia,"Little Rose, Brazilian"
Acerola,Ruby Tropical,Malpighia emarginata,Malpighia,"Tropical Ruby, Ruby"
Acerola,Samba,Malpighia emarginata,Malpighia,"Brazilian, Samba"
Acerola,Sweet,Malpighia emarginata,Malpighia,"Dwarf Sweet, Doce"
Acerola,Tropical Ruby,Malpighia emarginata,Malpighia,"Ruby, Tropical"
Miracle Fruit,Common,Synsepalum dulcificum,Synsepalum,"Miracle Berry, Miraculous Berry"
Miracle Fruit,Giant,Synsepalum dulcificum,Synsepalum,"Large Fruited, Giant Miracle"
Pulasan,Binjai,Nephelium ramboutan-ake,Nephelium,"Binjai Pulasan, Kapulasan"
Pulasan,D7,Nephelium ramboutan-ake,Nephelium,"Selection D7, D7"
Pulasan,Dark Red,Nephelium ramboutan-ake,Nephelium,"Merah Tua, Dark"
Pulasan,Iban,Nephelium ramboutan-ake,Nephelium,"Iban Selection, Sarawak"
Pulasan,Rambutan Gading,Nephelium ramboutan-ake,Nephelium,"Yellow Pulasan, Gading"
Pulasan,Red,Nephelium ramboutan-ake,Nephelium,"Red Pulasan, Merah"
Pulasan,Sibabat,Nephelium ramboutan-ake,Nephelium,"Sibabat Pulasan, Philippines"
Amla,Banarasi,Phyllanthus emblica,Phyllanthus,"Benares, Banarasi"
Amla,BSR-1,Phyllanthus emblica,Phyllanthus,"Banarasi Selection 1, BSR1"
Amla,Chakaiya,Phyllanthus emblica,Phyllanthus,"NA-7, Chakaiya"
Amla,Francis,Phyllanthus emblica,Phyllanthus,"Hathijhool, Francis"
Amla,Gujarat Amla-1,Phyllanthus emblica,Phyllanthus,"GA-1, Gujarat 1"
Amla,Gujarat Amla-2,Phyllanthus emblica,Phyllanthus,"GA-2, Gujarat 2"
Amla,Kanchan,Phyllanthus emblica,Phyllanthus,"NA-4, Kanchan"
Amla,Krishna,Phyllanthus emblica,Phyllanthus,"NA-5, Krishna"
Amla,Lakshmi-52,Phyllanthus emblica,Phyllanthus,"L-52, Lakshmi"
Amla,NA-10,Phyllanthus emblica,Phyllanthus,"Narendra Amla 10, NA10"
Amla,NA-4,Phyllanthus emblica,Phyllanthus,"Kanchan, NA4"
Amla,NA-6,Phyllanthus emblica,Phyllanthus,"Narendra Amla 6, NA6"
Amla,NA-7,Phyllanthus emblica,Phyllanthus,"Chakaiya, NA7"
Amla,NA-9,Phyllanthus emblica,Phyllanthus,"Narendra Amla 9, NA9"
Amla,Neelam,Phyllanthus emblica,Phyllanthus,Neelam Amla
Amla,Pink Tinged,Phyllanthus emblica,Phyllanthus,"Pink, Rose Amla"
Bilimbi,Common,Averrhoa bilimbi,Averrhoa,"Cucumber Tree, Tree Sorrel"
Bilimbi,Sweet,Averrhoa bilimbi,Averrhoa,"Sweet Bilimbi, Less Acid"
Ice Cream Bean,Cuaniquil,Inga edulis,Inga,"Cuaniquil, Central American"
Ice Cream Bean,El Salvador,Inga edulis,Inga,"Salvadoran, El Salvador"
Ice Cream Bean,Guaba,Inga edulis,Inga,"Guava Bean, Guaba"
Ice Cream Bean,Guaba Bejuco,Inga spectabilis,Inga,"Vine Guaba, Bejuco"
Ice Cream Bean,Guaba Machete,Inga spectabilis,Inga,"Machete Bean, Flat Pod"
Ice Cream Bean,Guamo,Inga edulis,Inga,"Colombian, Guamo"
Ice Cream Bean,Inga Cipo,Inga edulis,Inga,"Rope Bean, Cipo"
Ice Cream Bean,Inga de Metro,Inga edulis,Inga,"Meter Long, Giant"
Ice Cream Bean,Inga Feuillei,Inga feuillei,Inga,"Pacae, Feuillei"
Ice Cream Bean,Joaquiniquil,Inga edulis,Inga,"Cuaniquil, Joaquiniquil"
Ice Cream Bean,Monkey Tamarind,Inga edulis,Inga,"Monkey Pod, Tamarind"
Ice Cream Bean,Pacae,Inga feuillei,Inga,"Andean Bean, Pacae"
Ice Cream Bean,Paterna,Inga spectabilis,Inga,"Father Bean, Paterna"
Rollinia,Aratiku,Rollinia deliciosa,Rollinia,"Wild Sugar Apple, Aratiku"
Rollinia,Biribá,Rollinia deliciosa,Rollinia,"Lemon Custard Apple, Biribá"
Rollinia,Fruta da Condessa,Rollinia deliciosa,Rollinia,"Countess Fruit, Brazilian"
Rollinia,Lemon Meringue,Rollinia deliciosa,Rollinia,"Lemon Pie Fruit, Meringue"
Santol,Bangkok,Sandoricum koetjape,Sandoricum,"Bangkok Santol, Thai"
Santol,Red,Sandoricum koetjape,Sandoricum,"Red Cotton Fruit, Merah"
Santol,Yellow,Sandoricum koetjape,Sandoricum,"Yellow Cotton Fruit, Kuning"
Horned Melon,African,Cucumis metuliferus,Cucumis,"African Horned Cucumber, Kiwano"
Horned Melon,Jelly Melon,Cucumis metuliferus,Cucumis,"Jelly Fruit, Green"
Horned Melon,Kiwano,Cucumis metuliferus,Cucumis,"Horned Cucumber, Melano"
Pepino,Colossal,Solanum muricatum,Solanum,"Giant Pepino, Colossal"
Pepino,El Camino,Solanum muricatum,Solanum,"California, El Camino"
Pepino,Golden,Solanum muricatum,Solanum,"Gold Pepino, Oro"
Pepino,Golden Splendor,Solanum muricatum,Solanum,"Splendor, Golden"
Pepino,Miski,Solanum muricatum,Solanum,"Sweet Pepino, Peruvian"
Pepino,Pepino Gold,Solanum muricatum,Solanum,"Gold, New Zealand"
Pepino,Purple Striped,Solanum muricatum,Solanum,"Purple Stripe, Morado"
Pepino,Temptation,Solanum muricatum,Solanum,Temptation Pepino
Pepino,Toma,Solanum muricatum,Solanum,"Chilean, Toma"
Pepino,Valencia,Solanum muricatum,Solanum,"Spanish, Valencia"
Pepino,Vista,Solanum muricatum,Solanum,Vista Pepino
Lucuma,Belen,Pouteria lucuma,Pouteria,"Maria Belen, Belen"
Lucuma,La Molina 1,Pouteria lucuma,Pouteria,"LM-1, Molina 1"
Lucuma,La Molina 2,Pouteria lucuma,Pouteria,"LM-2, Molina 2"
Lucuma,Maria Belen,Pouteria lucuma,Pouteria,"Belen, Maria"
Lucuma,Seda,Pouteria lucuma,Pouteria,"Silk, Seda"
Lucuma,Trompito,Pouteria lucuma,Pouteria,"Small Trumpet, Trompito"
Feijoa,Anatoki,Acca sellowiana,Acca,"New Zealand, Anatoki"
Feijoa,Apollo,Acca sellowiana,Acca,Apollo Feijoa
Feijoa,Bambina,Acca sellowiana,Acca,"Little Girl, Italian"
Feijoa,Coolidge,Acca sellowiana,Acca,"Self-fertile, Coolidge"
Feijoa,David,Acca sellowiana,Acca,David Feijoa
Feijoa,Den's Choice,Acca sellowiana,Acca,"Den, Choice"
Feijoa,Duffy,Acca sellowiana,Acca,Duffy Feijoa
Feijoa,Edenvale Improved Coolidge,Acca sellowiana,Acca,"Improved Coolidge, Edenvale"
Feijoa,Edenvale Late,Acca sellowiana,Acca,"Late Season, Edenvale"
Feijoa,Edenvale Supreme,Acca sellowiana,Acca,"Supreme, Edenvale"
Feijoa,Fletcher,Acca sellowiana,Acca,Fletcher Feijoa
Feijoa,Gemini,Acca sellowiana,Acca,"Twin, Gemini"
Feijoa,Kakapo,Acca sellowiana,Acca,"New Zealand Parrot, Kakapo"
Feijoa,Kaiteri,Acca sellowiana,Acca,"New Zealand, Kaiteri"
Feijoa,Kakariki,Acca sellowiana,Acca,"Green Parrot, Kakariki"
Feijoa,Mammoth,Acca sellowiana,Acca,"Large Fruit, Mammoth"
Feijoa,Marion,Acca sellowiana,Acca,Marion Feijoa
Feijoa,Moore,Acca sellowiana,Acca,Moore Feijoa
Feijoa,Nazemetz,Acca sellowiana,Acca,"Large, Nazemetz"
Feijoa,Opal Star,Acca sellowiana,Acca,"Star, Opal"
Feijoa,Pineapple Gem,Acca sellowiana,Acca,"Pineapple Guava, Gem"
Feijoa,Pounamu,Acca sellowiana,Acca,"Greenstone, Pounamu"
Feijoa,Robert,Acca sellowiana,Acca,Robert Feijoa
Feijoa,Smilax,Acca sellowiana,Acca,Smilax Feijoa
Feijoa,Smith,Acca sellowiana,Acca,Smith Feijoa
Feijoa,Takaka,Acca sellowiana,Acca,"New Zealand, Takaka"
Feijoa,Triumph,Acca sellowiana,Acca,"Large, Triumph"
Feijoa,Unique,Acca sellowiana,Acca,"Self-fertile, Unique"
Feijoa,Vista Long,Acca sellowiana,Acca,"Long Fruit, Vista"
Feijoa,Vista Short,Acca sellowiana,Acca,"Short Fruit, Vista"
Feijoa,Waingaro,Acca sellowiana,Acca,"New Zealand, Waingaro"
Feijoa,Wiki Tu,Acca sellowiana,Acca,"Maori, Wiki Tu"
Babaco,Common,Vasconcellea × heilbornii,Vasconcellea,"Mountain Papaya, Chamburo"
Babaco,Golden,Vasconcellea × heilbornii,Vasconcellea,"Golden Babaco, Oro"
Naranjilla,Common,Solanum quitoense,Solanum,"Lulo, Little Orange"
Naranjilla,INIAP Quitoense 2009,Solanum quitoense,Solanum,"INIAP 2009, Improved"
Naranjilla,Palora,Solanum quitoense,Solanum,"Palora Hybrid, Spineless"
Naranjilla,Septentrional,Solanum quitoense,Solanum,"Northern, Septentrional"
Tamarillo,Amber,Solanum betaceum,Solanum,"Amber Tree Tomato, Yellow"
Tamarillo,Bold Gold,Solanum betaceum,Solanum,"Bold, Gold"
Tamarillo,Goldmine,Solanum betaceum,Solanum,"Gold Mine, Yellow"
Tamarillo,Inca Gold,Solanum betaceum,Solanum,"Inca, Peruvian Gold"
Tamarillo,Oratia Red,Solanum betaceum,Solanum,"New Zealand Red, Oratia"
Tamarillo,Red,Solanum betaceum,Solanum,"Red Tree Tomato, Rojo"
Tamarillo,Rothamer,Solanum betaceum,Solanum,"Rothamer Red, German"
Tamarillo,Ruby Red,Solanum betaceum,Solanum,"Ruby, Deep Red"
Tamarillo,Solid Gold,Solanum betaceum,Solanum,"Solid, Golden"
Tamarillo,Sweetheart,Solanum betaceum,Solanum,"Sweet, Heart"
Tamarillo,Ted's Red,Solanum betaceum,Solanum,"Ted Selection, Red"
Tamarillo,Yellow,Solanum betaceum,Solanum,"Yellow Tree Tomato, Amarillo"
Cacao Fruit,Pataxte,Theobroma bicolor,Theobroma,"Jaguar Tree, Balamte"
Cacao Fruit,Wild,Theobroma speciosum,Theobroma,"Cacauí, Wild Cacao"
Abiu,Common,Pouteria caimito,Pouteria,"Yellow Star Apple, Caimito"
Abiu,El Dorado,Pouteria caimito,Pouteria,"Golden, El Dorado"
Abiu,Giant,Pouteria caimito,Pouteria,"Giant Abiu, Grande"
Abiu,Gray,Pouteria caimito,Pouteria,"Gray Abiu, Cinza"
Abiu,Z-1,Pouteria caimito,Pouteria,"Selection Z1, Z-1"
Abiu,Z-2,Pouteria caimito,Pouteria,"Selection Z2, Z-2"
African Breadfruit,Common,Treculia africana,Treculia,"Ukwa, African Boxwood"
African Breadfruit,Isi-Uchuakwu,Treculia africana,Treculia,"Small Seeded, Isi"
African Breadfruit,Ukwa,Treculia africana,Treculia,"Nigerian, Breadnut"
Carob,Clifford,Ceratonia siliqua,Ceratonia,Clifford Carob
Carob,Molino,Ceratonia siliqua,Ceratonia,"Spanish, Molino"
Carob,Santa Fe,Ceratonia siliqua,Ceratonia,"California, Santa Fe"
Carob,Sfax,Ceratonia siliqua,Ceratonia,"Tunisian, Sfax"
Carob,Tantillo,Ceratonia siliqua,Ceratonia,"Sicilian, Tantillo"
Carob,Tylliria,Ceratonia siliqua,Ceratonia,"Cyprus, Tylliria"
Carob,University of California,Ceratonia siliqua,Ceratonia,"UC Selection, California"
Velvet Tamarind,Black,Dialium guineense,Dialium,"Black Velvet, African"
Velvet Tamarind,Common,Dialium cochinchinense,Dialium,"Velvet Tamarind, Yumboe"
Velvet Tamarind,India,Dialium indum,Dialium,"Indian Velvet, Kodukkapuli"
Governor's Plum,Common,Flacourtia indica,Flacourtia,"Madagascar Plum, Batoko"
Governor's Plum,Red,Flacourtia indica,Flacourtia,"Red Batoko, Merah"
Rukam,Common,Flacourtia rukam,Flacourtia,"Indian Prune, Rukam"
Rukam,Red,Flacourtia rukam,Flacourtia,"Red Rukam, Merah"
Peanut Butter Fruit,Common,Bunchosia argentea,Bunchosia,"Peanut Butter Tree, Ciruela"
Peanut Butter Fruit,Red,Bunchosia argentea,Bunchosia,"Red Peanut, Colorado"
Strawberry Tree,Common,Muntingia calabura,Muntingia,"Jamaica Cherry, Panama Berry"
Strawberry Tree,White,Muntingia calabura,Muntingia,"White Cherry, Blanco"
Imbe,Common,Garcinia livingstonei,Garcinia,"African Mangosteen, Imbe"
Imbe,Dwarf,Garcinia livingstonei,Garcinia,"Small Imbe, Dwarf"
Lemon Drop Mangosteen,Common,Garcinia intermedia,Garcinia,"Lemon Drop, Mameyito"
Achachairu,Common,Garcinia humilis,Garcinia,"Achacha, Bolivian Mangosteen"
Bacuri,Common,Platonia insignis,Platonia,"Bacurizeiro, Pakuri"
Bacupari,Common,Garcinia gardneriana,Garcinia,"Bacupari-Mirim, Saputá"
Charichuela,Common,Garcinia madruno,Garcinia,"Madroño, Charichuela"
Achacha,Common,Garcinia humilis,Garcinia,"Achachairu, Mangosteen"
Button Mangosteen,Common,Garcinia prainiana,Garcinia,"Cherapu, Button"
Seashore Mangosteen,Common,Garcinia celebica,Garcinia,"Kandis, Celebes"
Gamboge,Common,Garcinia xanthochymus,Garcinia,"False Mangosteen, Himalayan"
Kokum,Common,Garcinia indica,Garcinia,"Kokam, Goa Butter Tree"
Binukaw,Common,Garcinia binucao,Garcinia,"Batuan, Philippine"
Batuan,Common,Garcinia morella,Garcinia,"Binukaw, Batwan"
Egg Fruit,Fairchild #2,Pouteria campechiana,Pouteria,"Fairchild 2, Canistel"
Egg Fruit,Fairchild #3,Pouteria campechiana,Pouteria,"Fairchild 3, Canistel"
Egg Fruit,Lara,Pouteria campechiana,Pouteria,"Lara Egg, Canistel"
Egg Fruit,TREC 3916,Pouteria campechiana,Pouteria,"TREC Selection, 3916"
Green Sapote,Common,Pouteria viridis,Pouteria,"Injerto, Green Sapote"
Mamoncillo,Common,Melicoccus bijugatus,Melicoccus,"Spanish Lime, Quenepa"
Mamoncillo,Montgomery,Melicoccus bijugatus,Melicoccus,"Montgomery, Large"
Mamoncillo,Queen,Melicoccus bijugatus,Melicoccus,"Queen Selection, Sweet"
Genip,Common,Genipa americana,Genipa,"Jagua, Huito"
Bael,Common,Aegle marmelos,Aegle,"Bengal Quince, Wood Apple"
Bael,Deshi,Aegle marmelos,Aegle,"Local, Deshi"
Bael,Kagzi,Aegle marmelos,Aegle,"Thin Shell, Paper"
Bael,Mitzuna,Aegle marmelos,Aegle,"Sweet, Mitzuna"
Bael,NB-1,Aegle marmelos,Aegle,"Narendra Bael 1, NB1"
Bael,NB-16,Aegle marmelos,Aegle,"Narendra Bael 16, NB16"
Bael,NB-17,Aegle marmelos,Aegle,"Narendra Bael 17, NB17"
Bael,NB-5,Aegle marmelos,Aegle,"Narendra Bael 5, NB5"
Bael,NB-9,Aegle marmelos,Aegle,"Narendra Bael 9, NB9"
Bael,Pant Aparna,Aegle marmelos,Aegle,"Aparna, Pantnagar"
Bael,Pant Shivani,Aegle marmelos,Aegle,"Shivani, Pantnagar"
Bael,Pant Sujata,Aegle marmelos,Aegle,"Sujata, Pantnagar"
Bael,Pant Urvashi,Aegle marmelos,Aegle,"Urvashi, Pantnagar"
Wood Apple,Common,Limonia acidissima,Limonia,"Elephant Apple, Kavath"
Wood Apple,Large,Limonia acidissima,Limonia,"Large Wood Apple, Big"
Wood Apple,Small,Limonia acidissima,Limonia,"Small Wood Apple, Little"
Kwai Muk,Common,Artocarpus hypargyreus,Artocarpus,"Chinese Mulberry, Kwai Muk"
Kwai Muk,Red,Artocarpus hypargyreus,Artocarpus,"Red Kwai Muk, Hong"
Marang,Common,Artocarpus odoratissimus,Artocarpus,"Terap, Johey Oak"
Monkey Jack,Common,Artocarpus lacucha,Artocarpus,"Monkey Fruit, Lakoocha"
Chempedak,Common,Artocarpus integer,Artocarpus,"Cempedak, Champedak"
Lakoocha,Common,Artocarpus lacucha,Artocarpus,"Monkey Jack, Badhal"
African Locust Bean,Common,Parkia biglobosa,Parkia,"Néré, Dawadawa"
Jiringa,Common,Archidendron jiringa,Archidendron,"Jengkol, Dogfruit"
Kepel,Common,Stelechocarpus burahol,Stelechocarpus,"Burahol, Apple of Indonesia"
Nam Nam,Common,Cynometra cauliflora,Cynometra,"Nam-Nam, Putat"
Bignay,Common,Antidesma bunius,Antidesma,"Chinese Laurel, Salamander Tree"
Bignay,Red,Antidesma bunius,Antidesma,"Red Bignay, Merah"
Jujube,Chico,Ziziphus mauritiana,Ziziphus,"Texas Jujube, Chico"
Jujube,GA 866,Ziziphus jujuba,Ziziphus,"Georgia 866, GA866"
Jujube,GI 1183,Ziziphus jujuba,Ziziphus,"Government Introduction, GI1183"
Jujube,GI 7-62,Ziziphus jujuba,Ziziphus,"Government Introduction, GI7-62"
Jujube,Honey Jar,Ziziphus jujuba,Ziziphus,"Sugar Cane, Honey"
Jujube,Lang,Ziziphus jujuba,Ziziphus,"Pear Jujube, Lang"
Jujube,Li,Ziziphus jujuba,Ziziphus,"Chinese Date, Li"
Jujube,Mu Shing Hong,Ziziphus jujuba,Ziziphus,"Mushroom Red, Hong"
Jujube,Redland,Ziziphus jujuba,Ziziphus,"Florida, Redland"
Jujube,Shanxi Li,Ziziphus jujuba,Ziziphus,"Shanxi, Li"
Jujube,Sherwood,Ziziphus jujuba,Ziziphus,Sherwood Jujube
Jujube,Sihong,Ziziphus jujuba,Ziziphus,"Four Red, Sihong"
Jujube,So,Ziziphus jujuba,Ziziphus,"Contorted, So"
Jujube,Sugar Cane,Ziziphus jujuba,Ziziphus,"Honey Jar, Sweet"
Jujube,Sui Men,Ziziphus jujuba,Ziziphus,"Suimen, Water Gate"
Jujube,Ta Jan,Ziziphus jujuba,Ziziphus,"Big Jan, Ta"
Jujube,Tigertooth,Ziziphus jujuba,Ziziphus,"Tiger Tooth, Elongated"
Jujube,Topeka,Ziziphus jujuba,Ziziphus,"Kansas, Topeka"
Jujube,Tsao,Ziziphus jujuba,Ziziphus,"Zao, Early"
Jujube,Winter Delight,Ziziphus jujuba,Ziziphus,"Late Season, Winter"
Jujube,Yu,Ziziphus jujuba,Ziziphus,"Silverhill, Yu"
Pili Nut,Common,Canarium ovatum,Canarium,"Philippine Nut, Pili"
Pili Nut,Katutubo,Canarium ovatum,Canarium,"Native, Wild Type"
Pili Nut,Mayon,Canarium ovatum,Canarium,"Volcano, Mayon"
Pili Nut,Oas,Canarium ovatum,Canarium,"Albay, Oas"
Pili Nut,Orolfo,Canarium ovatum,Canarium,"Selected, Orolfo"
Date,Amir Hajj,Phoenix dactylifera,Phoenix,"Prince, Amir"
Date,Barhi,Phoenix dactylifera,Phoenix,"Barhee, Yellow Date"
Date,Dayri,Phoenix dactylifera,Phoenix,"Monastery Date, Deiri"
Date,Deglet Noor,Phoenix dactylifera,Phoenix,"Date of Light, Deglet Nour"
Date,Halawy,Phoenix dactylifera,Phoenix,"Halawi, Sweet"
Date,Hayany,Phoenix dactylifera,Phoenix,"Hayani, Egyptian"
Date,Iteema,Phoenix dactylifera,Phoenix,"Ithema, Algerian"
Date,Khadrawy,Phoenix dactylifera,Phoenix,"Khadrawi, Green"
Date,Khalas,Phoenix dactylifera,Phoenix,"Kholas, Pure"
Date,Khastawi,Phoenix dactylifera,Phoenix,"Khustawi, Iraqi"
Date,Maktoom,Phoenix dactylifera,Phoenix,"Maktoum, Hidden"
Date,Medjool,Phoenix dactylifera,Phoenix,"Medjoul, King Date"
Date,Saidy,Phoenix dactylifera,Phoenix,"Saidi, Upper Egyptian"
Date,Sayer,Phoenix dactylifera,Phoenix,"Estamaran, Sair"
Date,Thoory,Phoenix dactylifera,Phoenix,"Thuri, Bread Date"
Date,Zahidi,Phoenix dactylifera,Phoenix,"Zahdi, Golden"
Peach Palm,Common,Bactris gasipaes,Bactris,"Pejibaye, Chontaduro"
Peach Palm,Putumayo,Bactris gasipaes,Bactris,"Colombian, Putumayo"
Peach Palm,Solimoes,Bactris gasipaes,Bactris,"Amazon, Solimões"
Peach Palm,Tembe,Bactris gasipaes,Bactris,"Brazilian, Tembé"
Peach Palm,Tuira,Bactris gasipaes,Bactris,"Panama, Tuira"
Peach Palm,Utilis,Bactris gasipaes,Bactris,"Useful, Utilis"
Peach Palm,Vaupés,Bactris gasipaes,Bactris,"Colombian, Vaupés"
Peach Palm,Yurimaguas,Bactris gasipaes,Bactris,"Peruvian, Yurimaguas"
Açaí,BRS Pará,Euterpe oleracea,Euterpe,"Embrapa Selection, Pará"
Açaí,Common,Euterpe oleracea,Euterpe,"Açaí Berry, Assai"
Açaí,Purple,Euterpe oleracea,Euterpe,"Purple Açaí, Roxo"
Açaí,White,Euterpe oleracea,Euterpe,"White Açaí, Branco"
African Oil Palm,Common,Elaeis guineensis,Elaeis,"Oil Palm, Kelapa Sawit"
African Oil Palm,Deli Dura,Elaeis guineensis,Elaeis,"Sumatra, Deli"
African Oil Palm,Dura,Elaeis guineensis,Elaeis,"Thick Shell, Dura"
African Oil Palm,Pisifera,Elaeis guineensis,Elaeis,"Shell-less, Male"
African Oil Palm,Tenera,Elaeis guineensis,Elaeis,"Thin Shell, Hybrid"
Saw Palmetto,Common,Serenoa repens,Serenoa,"Sabal Palm, American Dwarf"
Doum Palm,Common,Hyphaene thebaica,Hyphaene,"Gingerbread Tree, Doum"
Doum Palm,Egyptian,Hyphaene thebaica,Hyphaene,"Egyptian Doum, Theban"
Snake Fruit,Bali,Salacca zalacca,Salacca,"Salak Bali, Balinese"
Snake Fruit,Black,Salacca zalacca,Salacca,"Black Salak, Hitam"
Snake Fruit,Gading,Salacca zalacca,Salacca,"Yellow Snake, Kuning"
Snake Fruit,Gula Pasir,Salacca zalacca,Salacca,"Sugar Sand, Sweet"
Snake Fruit,Honey,Salacca zalacca,Salacca,"Honey Snake, Madu"
Snake Fruit,Madu,Salacca zalacca,Salacca,"Honey Salak, Sweet"
Snake Fruit,Nangka,Salacca zalacca,Salacca,"Jackfruit Salak, Nangka"
Snake Fruit,Pandanwangi,Salacca zalacca,Salacca,"Fragrant Pandan, Wangi"
Snake Fruit,Pondoh,Salacca zalacca,Salacca,"Pondoh Super, Java"
Snake Fruit,Pondoh Super,Salacca zalacca,Salacca,"Super Pondoh, Best"
Snake Fruit,Red,Salacca zalacca,Salacca,"Red Salak, Merah"
Snake Fruit,Sidempuan,Salacca sumatrana,Salacca,"Sumatra Salak, Sidempuan"
Snake Fruit,Sugar,Salacca zalacca,Salacca,"Sugar Salak, Gula"
Snake Fruit,Swaru,Salacca zalacca,Salacca,"Swaru Salak, Bali"
Calamondin,Common,Citrofortunella × microcarpa,Citrofortunella,"Calamansi, Philippine Lime"
Calamondin,Peters,Citrofortunella × microcarpa,Citrofortunella,"Peters Calamondin, Improved"
Calamondin,Variegated,Citrofortunella × microcarpa,Citrofortunella,"Variegated Calamansi, Striped"
Kumquat,Centennial Variegated,Fortunella margarita,Fortunella,"Variegated Nagami, Centennial"
Kumquat,Changshou,Fortunella obovata,Fortunella,"Longevity Kumquat, Fukushu"
Kumquat,Fukushu,Fortunella obovata,Fortunella,"Round Kumquat, Changshou"
Kumquat,Hong Kong,Fortunella hindsii,Fortunella,"Wild Kumquat, Golden Bean"
Kumquat,Jiangsu,Fortunella obovata,Fortunella,"Jiangsu Round, Chinese"
Kumquat,Marumi,Fortunella japonica,Fortunella,"Round Kumquat, Japanese"
Kumquat,Meiwa,Fortunella crassifolia,Fortunella,"Sweet Kumquat, Large Round"
Kumquat,Nagami,Fortunella margarita,Fortunella,"Oval Kumquat, Nagami"
Kumquat,Nordmann Seedless,Fortunella margarita,Fortunella,"Seedless Nagami, Nordmann"
Kumquat,Reale,Fortunella japonica,Fortunella,"Royal Kumquat, Italian"
Limequat,Eustis,Citrofortunella × floridana,Citrofortunella,"Eustis Limequat, Lime-Kumquat"
Limequat,Lakeland,Citrofortunella × floridana,Citrofortunella,"Lakeland Limequat, Florida"
Limequat,Tavares,Citrofortunella × floridana,Citrofortunella,"Tavares Limequat, Golden"
Citron,Buddha's Hand,Citrus medica var. sarcodactylis,Citrus,"Fingered Citron, Foshou"
Citron,Corsican,Citrus medica,Citrus,"Corsica, Cedrat"
Citron,Diamante,Citrus medica,Citrus,"Diamond, Italian"
Citron,Etrog,Citrus medica,Citrus,"Jewish Citron, Ethrog"
Citron,Fingered,Citrus medica var. sarcodactylis,Citrus,"Buddha's Hand, Fingered"
Citron,Greek,Citrus medica,Citrus,"Greek Citron, Kitro"
Citron,Yemenite,Citrus medica,Citrus,"Yemen Citron, Temani"
Yuzu,Common,Citrus × junos,Citrus,"Japanese Citron, Yuzu"
Yuzu,Hanayu,Citrus hanaju,Citrus,"Flower Yuzu, Hana"
Yuzu,Seedless,Citrus × junos,Citrus,"Seedless Yuzu, Tadanishiki"
Yuzu,Sudachi,Citrus × sudachi,Citrus,"Sudachi Lime, Japanese"
Yuzu,Yuko,Citrus × yuko,Citrus,"Yuko Citrus, Hybrid"
Kinnow,Common,Citrus nobilis × Citrus deliciosa,Citrus,"Kinnow Mandarin, Pakistani"
Kinnow,N.K.,Citrus nobilis × Citrus deliciosa,Citrus,"New Kinnow, NK"
Kinnow,PAU,Citrus nobilis × Citrus deliciosa,Citrus,"Punjab Agricultural, PAU"
Rangpur,Common,Citrus × limonia,Citrus,"Rangpur Lime, Mandarin-Lime"
Rangpur,Kusaie,Citrus × limonia,Citrus,"Kusaie Lime, Micronesian"
Rangpur,Otaheite,Citrus × limonia,Citrus,"Tahitian Rangpur, Otaheite"
Rangpur,Red,Citrus × limonia,Citrus,"Red Lime, Rangpur Red"
Bergamot,Castagnaro,Citrus × bergamia,Citrus,"Castagnaro Bergamot, Italian"
Bergamot,Fantastico,Citrus × bergamia,Citrus,"Fantastic, Fantastico"
Bergamot,Femminello,Citrus × bergamia,Citrus,"Female, Femminello"
Buddha's Hand,Common,Citrus medica var. sarcodactylis,Citrus,"Foshou, Fingered Citron"
Buddha's Hand,Fingered,Citrus medica var. sarcodactylis,Citrus,"Buddha Fingers, Hand"
Finger Lime,Alstonville,Citrus australasica,Citrus,"Alstonville Selection, NSW"
Finger Lime,Blood,Citrus australasica,Citrus,"Blood Red, Crimson"
Finger Lime,Byron Sunrise,Citrus australasica,Citrus,"Sunrise, Byron Bay"
Finger Lime,Chartreuse,Citrus australasica,Citrus,"Yellow-Green, Chartreuse"
Finger Lime,Collette,Citrus australasica,Citrus,"Pink Collette, Collette"
Finger Lime,Crystal,Citrus australasica,Citrus,"Clear Crystal, White"
Finger Lime,Durham's Emerald,Citrus australasica,Citrus,"Emerald Green, Durham"
Finger Lime,Emma,Citrus australasica,Citrus,"Emma Selection, Pink"
Finger Lime,Green Giant,Citrus australasica,Citrus,"Large Green, Giant"
Finger Lime,Jali Red,Citrus australasica,Citrus,"Jali Selection, Red"
Finger Lime,Judy's Everbearing,Citrus australasica,Citrus,"Everbearing, Judy's"
Finger Lime,Mia Rose,Citrus australasica,Citrus,"Rose Pink, Mia"
Finger Lime,Pink Ice,Citrus australasica,Citrus,"Ice Pink, Pale"
Finger Lime,Pink Pearl,Citrus australasica,Citrus,"Pearl Pink, Popular"
Finger Lime,Purple,Citrus australasica,Citrus,"Purple Vesicles, Violet"
Finger Lime,Rainforest Pearl,Citrus australasica,Citrus,"Forest Pearl, Wild"
Finger Lime,Red Champagne,Citrus australasica,Citrus,"Champagne Red, Sparkling"
Finger Lime,Red Ruby,Citrus australasica,Citrus,"Ruby Red, Deep"
Finger Lime,Rick's Red,Citrus australasica,Citrus,"Rick Selection, Red"
Finger Lime,Sunshine Yellow,Citrus australasica,Citrus,"Sunshine, Bright Yellow"
Finger Lime,Tasty Green,Citrus australasica,Citrus,"Tasty, Green"
Finger Lime,Wauchope,Citrus australasica,Citrus,"Wauchope Selection, NSW"
Finger Lime,Yellow,Citrus australasica,Citrus,"Yellow Gold, Citrine"